02-09-2015T07:45:00; CAREFUL BUS; 1.0; MAR-CAN TRANSPORT CO. INC; 0.5; THOMAS BUSES INC (B2192); 0.5; BORO TRANSIT, INC.; 0.5; RELIANT TRANS, INC. (B232; 0.5; 
03-09-2015T08:10:00; BORO TRANSIT, INC.; 2.0; MAR-CAN TRANSPORT CO. INC; 1.5; LOGAN BUS COMPANY INC.; 0.8; THOMAS BUSES INC (B2192); 0.5; RELIANT TRANS, INC. (B232; 0.4; 
04-09-2015T12:29:00; MAR-CAN TRANSPORT CO. INC; 2.4; BORO TRANSIT, INC.; 2.2; RELIANT TRANS, INC. (B232; 0.9000000000000001; LOGAN BUS COMPANY INC.; 0.8; VAN TRANS LLC (B2192); 0.3; 
08-09-2015T05:40:00; MAR-CAN TRANSPORT CO. INC; 2.4; BORO TRANSIT, INC.; 2.2; RELIANT TRANS, INC. (B232; 0.9000000000000001; LOGAN BUS COMPANY INC.; 0.8; TWENTY FIRST AV TRANSP (B; 0.5; 
09-09-2015T06:00:00; RELIANT TRANS, INC. (B232; 6.3; BORO TRANSIT, INC.; 6.0; MAR-CAN TRANSPORT CO. INC; 4.2; LEESEL TRANSP CORP (B2192; 2.6999999999999997; G.V.C., LTD.; 2.1; 
10-09-2015T06:00:00; PIONEER TRANSPORTATION CO; 17.299999999999997; RELIANT TRANS, INC. (B232; 16.2; BORO TRANSIT, INC.; 14.100000000000001; LEESEL TRANSP CORP (B2192; 11.4; G.V.C., LTD.; 10.9; 
11-09-2015T06:11:00; RELIANT TRANS, INC. (B232; 27.400000000000002; PIONEER TRANSPORTATION CO; 23.299999999999997; LEESEL TRANSP CORP (B2192; 18.799999999999997; BORO TRANSIT, INC.; 18.700000000000003; G.V.C., LTD.; 15.6; 
14-09-2015T07:00:00; RELIANT TRANS, INC. (B232; 32.9; LEESEL TRANSP CORP (B2192; 29.0; PIONEER TRANSPORTATION CO; 28.4; BORO TRANSIT, INC.; 20.700000000000003; G.V.C., LTD.; 18.299999999999997; 
16-09-2015T07:50:00; RELIANT TRANS, INC. (B232; 36.599999999999994; LEESEL TRANSP CORP (B2192; 32.9; PIONEER TRANSPORTATION CO; 32.2; BORO TRANSIT, INC.; 23.0; G.V.C., LTD.; 20.9; 
17-09-2015T07:50:00; RELIANT TRANS, INC. (B232; 36.599999999999994; LEESEL TRANSP CORP (B2192; 32.9; PIONEER TRANSPORTATION CO; 32.2; G.V.C., LTD.; 21.700000000000003; BORO TRANSIT, INC.; 21.4; 
18-09-2015T07:50:00; RELIANT TRANS, INC. (B232; 31.5; LEESEL TRANSP CORP (B2192; 27.8; G.V.C., LTD.; 25.9; PIONEER TRANSPORTATION CO; 24.2; BORO TRANSIT, INC.; 20.0; 
21-09-2015T02:30:00; G.V.C., LTD.; 28.0; RELIANT TRANS, INC. (B232; 27.099999999999998; PIONEER TRANSPORTATION CO; 19.8; LEESEL TRANSP CORP (B2192; 19.599999999999998; BORO TRANSIT, INC.; 19.1; 
22-09-2015T05:53:00; G.V.C., LTD.; 36.5; RELIANT TRANS, INC. (B232; 34.8; PIONEER TRANSPORTATION CO; 27.8; BORO TRANSIT, INC.; 27.5; LEESEL TRANSP CORP (B2192; 19.599999999999998; 
23-09-2015T06:08:00; G.V.C., LTD.; 42.2; RELIANT TRANS, INC. (B232; 38.3; PIONEER TRANSPORTATION CO; 32.0; BORO TRANSIT, INC.; 31.400000000000002; NEW DAWN TRANSIT, LLC (B2; 21.2; 
24-09-2015T06:55:00; G.V.C., LTD.; 40.0; RELIANT TRANS, INC. (B232; 38.3; BORO TRANSIT, INC.; 27.200000000000003; PIONEER TRANSPORTATION CO; 26.7; NEW DAWN TRANSIT, LLC (B2; 21.2; 
25-09-2015T07:00:00; G.V.C., LTD.; 31.400000000000002; RELIANT TRANS, INC. (B232; 29.200000000000003; BORO TRANSIT, INC.; 21.4; PIONEER TRANSPORTATION CO; 20.9; NEW DAWN TRANSIT, LLC (B2; 17.9; 
28-09-2015T05:31:00; G.V.C., LTD.; 26.8; RELIANT TRANS, INC. (B232; 21.4; BORO TRANSIT, INC.; 19.2; NEW DAWN TRANSIT, LLC (B2; 16.2; PIONEER TRANSPORTATION CO; 16.2; 
29-09-2015T06:00:00; RELIANT TRANS, INC. (B232; 28.599999999999998; G.V.C., LTD.; 24.900000000000002; BORO TRANSIT, INC.; 21.5; PIONEER TRANSPORTATION CO; 19.8; NEW DAWN TRANSIT, LLC (B2; 16.2; 
30-09-2015T06:02:00; RELIANT TRANS, INC. (B232; 28.599999999999998; G.V.C., LTD.; 22.6; NEW DAWN TRANSIT, LLC (B2; 16.4; PIONEER TRANSPORTATION CO; 15.2; BORO TRANSIT, INC.; 13.9; 
01-10-2015T06:03:00; RELIANT TRANS, INC. (B232; 34.6; G.V.C., LTD.; 21.5; PIONEER TRANSPORTATION CO; 15.2; NEW DAWN TRANSIT, LLC (B2; 14.6; LITTLE RICHIE BUS SERVICE; 13.6; 
02-10-2015T06:08:00; RELIANT TRANS, INC. (B232; 36.9; G.V.C., LTD.; 27.0; PIONEER TRANSPORTATION CO; 18.8; NEW DAWN TRANSIT, LLC (B2; 18.4; LITTLE RICHIE BUS SERVICE; 15.299999999999999; 
07-10-2015T06:00:00; G.V.C., LTD.; 38.400000000000006; RELIANT TRANS, INC. (B232; 37.3; PIONEER TRANSPORTATION CO; 26.599999999999998; NEW DAWN TRANSIT, LLC (B2; 22.7; MAR-CAN TRANSPORT CO. INC; 16.299999999999997; 
08-10-2015T06:09:00; G.V.C., LTD.; 40.6; PIONEER TRANSPORTATION CO; 28.900000000000002; RELIANT TRANS, INC. (B232; 27.3; NEW DAWN TRANSIT, LLC (B2; 22.6; LITTLE RICHIE BUS SERVICE; 17.0; 
09-10-2015T06:10:00; G.V.C., LTD.; 41.900000000000006; RELIANT TRANS, INC. (B232; 31.2; PIONEER TRANSPORTATION CO; 27.3; NEW DAWN TRANSIT, LLC (B2; 20.4; LITTLE RICHIE BUS SERVICE; 16.5; 
14-10-2015T05:47:00; G.V.C., LTD.; 36.9; RELIANT TRANS, INC. (B232; 33.9; NEW DAWN TRANSIT, LLC (B2; 22.700000000000003; PIONEER TRANSPORTATION CO; 17.099999999999998; LITTLE RICHIE BUS SERVICE; 15.9; 
15-10-2015T05:55:00; G.V.C., LTD.; 37.1; RELIANT TRANS, INC. (B232; 36.5; NEW DAWN TRANSIT, LLC (B2; 24.4; PIONEER TRANSPORTATION CO; 18.2; LITTLE RICHIE BUS SERVICE; 16.200000000000003; 
16-10-2015T07:15:00; G.V.C., LTD.; 43.7; RELIANT TRANS, INC. (B232; 39.1; NEW DAWN TRANSIT, LLC (B2; 26.5; BORO TRANSIT, INC.; 18.900000000000002; LEESEL TRANSP CORP (B2192; 17.799999999999997; 
19-10-2015T05:51:00; G.V.C., LTD.; 36.4; RELIANT TRANS, INC. (B232; 30.099999999999998; NEW DAWN TRANSIT, LLC (B2; 21.9; BORO TRANSIT, INC.; 16.8; LEESEL TRANSP CORP (B2192; 16.4; 
20-10-2015T06:00:00; G.V.C., LTD.; 41.3; RELIANT TRANS, INC. (B232; 31.799999999999997; NEW DAWN TRANSIT, LLC (B2; 27.6; LEESEL TRANSP CORP (B2192; 22.900000000000002; HAPPY CHILD TRANS LLC (B2; 17.200000000000003; 
21-10-2015T06:10:00; G.V.C., LTD.; 47.599999999999994; RELIANT TRANS, INC. (B232; 42.599999999999994; LEESEL TRANSP CORP (B2192; 36.8; NEW DAWN TRANSIT, LLC (B2; 33.2; BORO TRANSIT, INC.; 20.2; 
22-10-2015T06:11:00; RELIANT TRANS, INC. (B232; 43.4; G.V.C., LTD.; 42.699999999999996; LEESEL TRANSP CORP (B2192; 36.8; NEW DAWN TRANSIT, LLC (B2; 33.2; HAPPY CHILD TRANS LLC (B2; 18.6; 
23-10-2015T06:12:00; G.V.C., LTD.; 43.199999999999996; RELIANT TRANS, INC. (B232; 42.1; LEESEL TRANSP CORP (B2192; 33.8; NEW DAWN TRANSIT, LLC (B2; 29.699999999999996; LOGAN BUS COMPANY INC.; 19.7; 
26-10-2015T05:20:00; RELIANT TRANS, INC. (B232; 42.1; G.V.C., LTD.; 36.2; LEESEL TRANSP CORP (B2192; 30.599999999999998; NEW DAWN TRANSIT, LLC (B2; 25.8; LOGAN BUS COMPANY INC.; 19.7; 
27-10-2015T06:01:00; RELIANT TRANS, INC. (B232; 44.199999999999996; LEESEL TRANSP CORP (B2192; 35.9; G.V.C., LTD.; 32.199999999999996; NEW DAWN TRANSIT, LLC (B2; 27.6; PIONEER TRANSPORTATION CO; 20.200000000000003; 
28-10-2015T06:03:00; RELIANT TRANS, INC. (B232; 36.9; G.V.C., LTD.; 32.5; LEESEL TRANSP CORP (B2192; 27.7; PIONEER TRANSPORTATION CO; 24.3; HAPPY CHILD TRANS LLC (B2; 17.4; 
29-10-2015T06:12:00; G.V.C., LTD.; 35.1; RELIANT TRANS, INC. (B232; 33.6; LEESEL TRANSP CORP (B2192; 27.7; PIONEER TRANSPORTATION CO; 26.400000000000002; BORO TRANSIT, INC.; 21.6; 
30-10-2015T06:15:00; LEESEL TRANSP CORP (B2192; 36.599999999999994; G.V.C., LTD.; 34.6; RELIANT TRANS, INC. (B232; 32.9; PIONEER TRANSPORTATION CO; 27.4; BORO TRANSIT, INC.; 20.700000000000003; 
02-11-2015T02:35:00; LEESEL TRANSP CORP (B2192; 36.599999999999994; G.V.C., LTD.; 31.1; PIONEER TRANSPORTATION CO; 26.099999999999998; RELIANT TRANS, INC. (B232; 25.4; HAPPY CHILD TRANS LLC (B2; 19.900000000000002; 
03-11-2015T06:10:00; LEESEL TRANSP CORP (B2192; 42.699999999999996; G.V.C., LTD.; 35.4; RELIANT TRANS, INC. (B232; 30.4; PIONEER TRANSPORTATION CO; 29.299999999999997; HAPPY CHILD TRANS LLC (B2; 21.1; 
04-11-2015T06:34:00; LEESEL TRANSP CORP (B2192; 42.699999999999996; G.V.C., LTD.; 29.799999999999997; RELIANT TRANS, INC. (B232; 25.6; PIONEER TRANSPORTATION CO; 22.8; HAPPY CHILD TRANS LLC (B2; 21.1; 
09-11-2015T05:20:00; LEESEL TRANSP CORP (B2192; 38.3; G.V.C., LTD.; 22.0; RELIANT TRANS, INC. (B232; 19.9; PIONEER TRANSPORTATION CO; 17.299999999999997; HAPPY CHILD TRANS LLC (B2; 17.1; 
10-11-2015T06:07:00; LEESEL TRANSP CORP (B2192; 37.6; RELIANT TRANS, INC. (B232; 19.9; G.V.C., LTD.; 19.6; PIONEER TRANSPORTATION CO; 17.299999999999997; HAPPY CHILD TRANS LLC (B2; 15.3; 
13-11-2015T06:02:00; LEESEL TRANSP CORP (B2192; 38.1; RELIANT TRANS, INC. (B232; 33.2; G.V.C., LTD.; 22.5; PIONEER TRANSPORTATION CO; 19.7; HAPPY CHILD TRANS LLC (B2; 17.6; 
16-11-2015T03:08:00; LEESEL TRANSP CORP (B2192; 43.1; RELIANT TRANS, INC. (B232; 36.4; G.V.C., LTD.; 23.7; PIONEER TRANSPORTATION CO; 19.5; NEW DAWN TRANSIT, LLC (B2; 19.4; 
17-11-2015T05:51:00; LEESEL TRANSP CORP (B2192; 43.599999999999994; RELIANT TRANS, INC. (B232; 33.7; BORO TRANSIT, INC.; 20.0; G.V.C., LTD.; 18.4; NEW DAWN TRANSIT, LLC (B2; 17.0; 
18-11-2015T06:01:00; LEESEL TRANSP CORP (B2192; 45.8; RELIANT TRANS, INC. (B232; 39.4; G.V.C., LTD.; 22.4; BORO TRANSIT, INC.; 22.0; NEW DAWN TRANSIT, LLC (B2; 19.799999999999997; 
20-11-2015T06:10:00; LEESEL TRANSP CORP (B2192; 44.6; RELIANT TRANS, INC. (B232; 36.699999999999996; G.V.C., LTD.; 27.3; BORO TRANSIT, INC.; 20.3; NEW DAWN TRANSIT, LLC (B2; 19.3; 
24-11-2015T05:50:00; LEESEL TRANSP CORP (B2192; 38.0; RELIANT TRANS, INC. (B232; 34.4; G.V.C., LTD.; 28.0; NEW DAWN TRANSIT, LLC (B2; 20.9; PIONEER TRANSPORTATION CO; 18.0; 
27-11-2015T07:44:00; RELIANT TRANS, INC. (B232; 35.6; LEESEL TRANSP CORP (B2192; 34.2; G.V.C., LTD.; 32.3; NEW DAWN TRANSIT, LLC (B2; 26.099999999999998; PIONEER TRANSPORTATION CO; 18.2; 
01-12-2015T06:05:00; RELIANT TRANS, INC. (B232; 32.0; LEESEL TRANSP CORP (B2192; 28.599999999999998; G.V.C., LTD.; 25.5; NEW DAWN TRANSIT, LLC (B2; 22.8; PIONEER TRANSPORTATION CO; 19.6; 
02-12-2015T06:05:00; LEESEL TRANSP CORP (B2192; 28.599999999999998; RELIANT TRANS, INC. (B232; 26.1; PIONEER TRANSPORTATION CO; 20.799999999999997; G.V.C., LTD.; 18.4; NEW DAWN TRANSIT, LLC (B2; 14.799999999999999; 
03-12-2015T06:10:00; RELIANT TRANS, INC. (B232; 30.1; LEESEL TRANSP CORP (B2192; 28.9; G.V.C., LTD.; 19.9; PIONEER TRANSPORTATION CO; 19.299999999999997; NEW DAWN TRANSIT, LLC (B2; 14.799999999999999; 
04-12-2015T06:18:00; RELIANT TRANS, INC. (B232; 30.1; LEESEL TRANSP CORP (B2192; 28.3; PIONEER TRANSPORTATION CO; 19.299999999999997; G.V.C., LTD.; 19.0; BORO TRANSIT, INC.; 14.399999999999999; 
07-12-2015T05:46:00; RELIANT TRANS, INC. (B232; 29.5; LEESEL TRANSP CORP (B2192; 29.2; G.V.C., LTD.; 23.0; PIONEER TRANSPORTATION CO; 20.299999999999997; BORO TRANSIT, INC.; 16.3; 
08-12-2015T05:57:00; LEESEL TRANSP CORP (B2192; 35.5; RELIANT TRANS, INC. (B232; 33.8; G.V.C., LTD.; 28.9; PIONEER TRANSPORTATION CO; 19.8; BORO TRANSIT, INC.; 16.8; 
09-12-2015T06:00:00; LEESEL TRANSP CORP (B2192; 46.199999999999996; RELIANT TRANS, INC. (B232; 40.699999999999996; G.V.C., LTD.; 35.9; PIONEER TRANSPORTATION CO; 22.4; BORO TRANSIT, INC.; 19.200000000000003; 
10-12-2015T06:09:00; LEESEL TRANSP CORP (B2192; 46.199999999999996; RELIANT TRANS, INC. (B232; 40.699999999999996; G.V.C., LTD.; 36.9; NEW DAWN TRANSIT, LLC (B2; 18.9; PIONEER TRANSPORTATION CO; 18.8; 
11-12-2015T06:14:00; LEESEL TRANSP CORP (B2192; 41.099999999999994; G.V.C., LTD.; 37.9; RELIANT TRANS, INC. (B232; 37.2; PIONEER TRANSPORTATION CO; 20.2; NEW DAWN TRANSIT, LLC (B2; 17.1; 
14-12-2015T01:49:00; G.V.C., LTD.; 40.6; LEESEL TRANSP CORP (B2192; 38.9; RELIANT TRANS, INC. (B232; 35.8; NEW DAWN TRANSIT, LLC (B2; 21.6; PIONEER TRANSPORTATION CO; 20.0; 
15-12-2015T05:38:00; G.V.C., LTD.; 42.699999999999996; RELIANT TRANS, INC. (B232; 34.699999999999996; LEESEL TRANSP CORP (B2192; 32.699999999999996; NEW DAWN TRANSIT, LLC (B2; 22.4; PIONEER TRANSPORTATION CO; 21.200000000000003; 
16-12-2015T06:09:00; G.V.C., LTD.; 37.9; RELIANT TRANS, INC. (B232; 32.1; LEESEL TRANSP CORP (B2192; 29.900000000000002; NEW DAWN TRANSIT, LLC (B2; 21.6; PIONEER TRANSPORTATION CO; 19.6; 
17-12-2015T06:13:00; G.V.C., LTD.; 37.8; RELIANT TRANS, INC. (B232; 26.4; LEESEL TRANSP CORP (B2192; 23.299999999999997; NEW DAWN TRANSIT, LLC (B2; 22.0; PIONEER TRANSPORTATION CO; 19.4; 
18-12-2015T06:15:00; G.V.C., LTD.; 39.199999999999996; RELIANT TRANS, INC. (B232; 27.7; NEW DAWN TRANSIT, LLC (B2; 25.2; LEESEL TRANSP CORP (B2192; 23.299999999999997; PIONEER TRANSPORTATION CO; 20.2; 
21-12-2015T02:23:00; G.V.C., LTD.; 38.099999999999994; NEW DAWN TRANSIT, LLC (B2; 29.8; RELIANT TRANS, INC. (B232; 24.9; PIONEER TRANSPORTATION CO; 19.099999999999998; LEESEL TRANSP CORP (B2192; 17.3; 
29-12-2015T07:48:00; G.V.C., LTD.; 27.6; NEW DAWN TRANSIT, LLC (B2; 25.199999999999996; RELIANT TRANS, INC. (B232; 23.8; PIONEER TRANSPORTATION CO; 17.1; LEESEL TRANSP CORP (B2192; 9.3; 
31-12-2015T08:25:00; LEESEL TRANSP CORP (B2192; 7.0; NEW DAWN TRANSIT, LLC (B2; 4.4; PIONEER TRANSPORTATION CO; 3.9999999999999996; RELIANT TRANS, INC. (B232; 3.0; BORO TRANSIT, INC.; 2.8; 
05-01-2016T03:08:00; RELIANT TRANS, INC. (B232; 8.5; L & M BUS CORP.; 6.6000000000000005; PIONEER TRANSPORTATION CO; 5.9; BORO TRANSIT, INC.; 5.800000000000001; G.V.C., LTD.; 5.0; 
06-01-2016T05:45:00; RELIANT TRANS, INC. (B232; 18.4; LITTLE RICHIE BUS SERVICE; 16.3; PIONEER TRANSPORTATION CO; 11.5; G.V.C., LTD.; 11.100000000000001; BORO TRANSIT, INC.; 10.7; 
07-01-2016T06:04:00; RELIANT TRANS, INC. (B232; 24.0; LITTLE RICHIE BUS SERVICE; 20.8; BORO TRANSIT, INC.; 15.5; PIONEER TRANSPORTATION CO; 15.3; NEW DAWN TRANSIT, LLC (B2; 14.799999999999999; 
08-01-2016T06:11:00; RELIANT TRANS, INC. (B232; 28.200000000000003; LITTLE RICHIE BUS SERVICE; 24.4; PIONEER TRANSPORTATION CO; 20.700000000000003; BORO TRANSIT, INC.; 19.4; NEW DAWN TRANSIT, LLC (B2; 19.200000000000003; 
11-01-2016T06:00:00; RELIANT TRANS, INC. (B232; 32.4; LITTLE RICHIE BUS SERVICE; 27.1; PIONEER TRANSPORTATION CO; 22.8; NEW DAWN TRANSIT, LLC (B2; 22.799999999999997; BORO TRANSIT, INC.; 22.0; 
12-01-2016T06:09:00; RELIANT TRANS, INC. (B232; 36.5; LITTLE RICHIE BUS SERVICE; 30.0; NEW DAWN TRANSIT, LLC (B2; 27.799999999999997; PIONEER TRANSPORTATION CO; 25.4; BORO TRANSIT, INC.; 25.1; 
13-01-2016T06:15:00; RELIANT TRANS, INC. (B232; 36.5; LITTLE RICHIE BUS SERVICE; 30.900000000000002; NEW DAWN TRANSIT, LLC (B2; 27.799999999999997; G.V.C., LTD.; 23.4; PIONEER TRANSPORTATION CO; 23.099999999999998; 
14-01-2016T06:20:00; RELIANT TRANS, INC. (B232; 41.5; NEW DAWN TRANSIT, LLC (B2; 26.5; LITTLE RICHIE BUS SERVICE; 23.7; G.V.C., LTD.; 20.9; PIONEER TRANSPORTATION CO; 20.799999999999997; 
15-01-2016T06:24:00; RELIANT TRANS, INC. (B232; 38.0; NEW DAWN TRANSIT, LLC (B2; 26.9; G.V.C., LTD.; 21.8; LITTLE RICHIE BUS SERVICE; 21.6; PIONEER TRANSPORTATION CO; 20.799999999999997; 
19-01-2016T05:31:00; RELIANT TRANS, INC. (B232; 37.8; NEW DAWN TRANSIT, LLC (B2; 26.9; G.V.C., LTD.; 22.5; PIONEER TRANSPORTATION CO; 20.1; LITTLE RICHIE BUS SERVICE; 18.6; 
20-01-2016T06:10:00; RELIANT TRANS, INC. (B232; 33.1; LITTLE RICHIE BUS SERVICE; 21.7; NEW DAWN TRANSIT, LLC (B2; 21.200000000000003; PIONEER TRANSPORTATION CO; 19.2; G.V.C., LTD.; 18.0; 
21-01-2016T06:15:00; RELIANT TRANS, INC. (B232; 26.9; NEW DAWN TRANSIT, LLC (B2; 24.699999999999996; LITTLE RICHIE BUS SERVICE; 22.2; PIONEER TRANSPORTATION CO; 18.799999999999997; G.V.C., LTD.; 17.099999999999998; 
25-01-2016T02:08:00; RELIANT TRANS, INC. (B232; 25.999999999999996; NEW DAWN TRANSIT, LLC (B2; 23.0; LITTLE RICHIE BUS SERVICE; 20.5; PIONEER TRANSPORTATION CO; 20.2; G.V.C., LTD.; 16.6; 
26-01-2016T05:45:00; PIONEER TRANSPORTATION CO; 51.400000000000006; RELIANT TRANS, INC. (B232; 33.5; NEW DAWN TRANSIT, LLC (B2; 33.0; DON THOMAS BUSES, INC. (B; 24.4; BORO TRANSIT, INC.; 24.299999999999997; 
27-01-2016T05:50:00; PIONEER TRANSPORTATION CO; 51.400000000000006; RELIANT TRANS, INC. (B232; 33.5; NEW DAWN TRANSIT, LLC (B2; 33.0; G.V.C., LTD.; 32.2; BORO TRANSIT, INC.; 32.1; 
29-01-2016T06:00:00; PIONEER TRANSPORTATION CO; 75.6; RELIANT TRANS, INC. (B232; 49.5; G.V.C., LTD.; 38.9; BORO TRANSIT, INC.; 36.8; NEW DAWN TRANSIT, LLC (B2; 36.400000000000006; 
01-02-2016T05:10:00; PIONEER TRANSPORTATION CO; 73.0; RELIANT TRANS, INC. (B232; 47.5; G.V.C., LTD.; 40.3; BORO TRANSIT, INC.; 36.0; NEW DAWN TRANSIT, LLC (B2; 35.9; 
02-02-2016T05:55:00; PIONEER TRANSPORTATION CO; 73.0; RELIANT TRANS, INC. (B232; 47.5; G.V.C., LTD.; 40.6; NEW DAWN TRANSIT, LLC (B2; 35.9; BORO TRANSIT, INC.; 33.7; 
03-02-2016T06:00:00; RELIANT TRANS, INC. (B232; 42.2; PIONEER TRANSPORTATION CO; 41.1; G.V.C., LTD.; 36.4; NEW DAWN TRANSIT, LLC (B2; 31.099999999999998; LEESEL TRANSP CORP (B2192; 24.3; 
04-02-2016T06:03:00; RELIANT TRANS, INC. (B232; 42.2; G.V.C., LTD.; 31.9; NEW DAWN TRANSIT, LLC (B2; 31.099999999999998; LEESEL TRANSP CORP (B2192; 24.3; PIONEER TRANSPORTATION CO; 24.0; 
05-02-2016T06:10:00; RELIANT TRANS, INC. (B232; 36.5; NEW DAWN TRANSIT, LLC (B2; 30.0; G.V.C., LTD.; 27.5; PIONEER TRANSPORTATION CO; 24.0; LITTLE RICHIE BUS SERVICE; 20.0; 
08-02-2016T05:51:00; RELIANT TRANS, INC. (B232; 39.8; NEW DAWN TRANSIT, LLC (B2; 31.6; G.V.C., LTD.; 28.4; PIONEER TRANSPORTATION CO; 19.6; LEESEL TRANSP CORP (B2192; 18.4; 
09-02-2016T06:00:00; RELIANT TRANS, INC. (B232; 38.3; NEW DAWN TRANSIT, LLC (B2; 27.900000000000002; G.V.C., LTD.; 23.9; PIONEER TRANSPORTATION CO; 17.700000000000003; LEESEL TRANSP CORP (B2192; 16.3; 
10-02-2016T06:05:00; RELIANT TRANS, INC. (B232; 39.9; G.V.C., LTD.; 26.5; NEW DAWN TRANSIT, LLC (B2; 26.200000000000003; PIONEER TRANSPORTATION CO; 19.0; LEESEL TRANSP CORP (B2192; 16.3; 
11-02-2016T06:10:00; RELIANT TRANS, INC. (B232; 39.9; NEW DAWN TRANSIT, LLC (B2; 26.200000000000003; G.V.C., LTD.; 25.0; PIONEER TRANSPORTATION CO; 19.0; LEESEL TRANSP CORP (B2192; 18.2; 
16-02-2016T06:49:00; RELIANT TRANS, INC. (B232; 38.1; G.V.C., LTD.; 27.4; NEW DAWN TRANSIT, LLC (B2; 24.8; PIONEER TRANSPORTATION CO; 22.799999999999997; LEESEL TRANSP CORP (B2192; 16.5; 
17-02-2016T07:00:00; LEESEL TRANSP CORP (B2192; 20.0; G.V.C., LTD.; 15.0; RELIANT TRANS, INC. (B232; 13.4; NEW DAWN TRANSIT, LLC (B2; 10.4; SNT BUS INC; 9.600000000000001; 
19-02-2016T06:42:00; G.V.C., LTD.; 10.8; RELIANT TRANS, INC. (B232; 10.0; SNT BUS INC; 9.1; LITTLE RICHIE BUS SERVICE; 7.7; LEESEL TRANSP CORP (B2192; 7.699999999999999; 
22-02-2016T05:39:00; RELIANT TRANS, INC. (B232; 7.300000000000001; G.V.C., LTD.; 6.300000000000001; SNT BUS INC; 5.9; LEESEL TRANSP CORP (B2192; 5.800000000000001; LITTLE RICHIE BUS SERVICE; 5.1; 
23-02-2016T05:50:00; RELIANT TRANS, INC. (B232; 9.299999999999999; LEESEL TRANSP CORP (B2192; 7.300000000000001; BORO TRANSIT, INC.; 6.8; NEW DAWN TRANSIT, LLC (B2; 6.2; SNT BUS INC; 5.1; 
24-02-2016T06:00:00; RELIANT TRANS, INC. (B232; 14.8; LEESEL TRANSP CORP (B2192; 11.599999999999998; NEW DAWN TRANSIT, LLC (B2; 9.6; BORO TRANSIT, INC.; 8.8; LITTLE RICHIE BUS SERVICE; 8.700000000000001; 
25-02-2016T06:00:00; RELIANT TRANS, INC. (B232; 20.0; NEW DAWN TRANSIT, LLC (B2; 14.3; LEESEL TRANSP CORP (B2192; 14.0; BORO TRANSIT, INC.; 13.5; PIONEER TRANSPORTATION CO; 11.6; 
26-02-2016T06:10:00; RELIANT TRANS, INC. (B232; 21.8; NEW DAWN TRANSIT, LLC (B2; 16.900000000000002; LITTLE RICHIE BUS SERVICE; 16.099999999999998; LEESEL TRANSP CORP (B2192; 15.8; PIONEER TRANSPORTATION CO; 15.0; 
29-02-2016T05:26:00; RELIANT TRANS, INC. (B232; 23.400000000000002; LITTLE RICHIE BUS SERVICE; 19.900000000000002; NEW DAWN TRANSIT, LLC (B2; 19.6; BORO TRANSIT, INC.; 17.4; LEESEL TRANSP CORP (B2192; 17.2; 
01-03-2016T05:51:00; RELIANT TRANS, INC. (B232; 27.799999999999997; NEW DAWN TRANSIT, LLC (B2; 26.4; LITTLE RICHIE BUS SERVICE; 24.3; BORO TRANSIT, INC.; 22.3; G.V.C., LTD.; 20.1; 
02-03-2016T06:00:00; NEW DAWN TRANSIT, LLC (B2; 26.4; RELIANT TRANS, INC. (B232; 24.099999999999998; LITTLE RICHIE BUS SERVICE; 21.5; G.V.C., LTD.; 20.4; BORO TRANSIT, INC.; 20.1; 
03-03-2016T06:10:00; RELIANT TRANS, INC. (B232; 24.4; NEW DAWN TRANSIT, LLC (B2; 24.1; G.V.C., LTD.; 21.5; LITTLE RICHIE BUS SERVICE; 21.3; BORO TRANSIT, INC.; 20.9; 
04-03-2016T06:15:00; RELIANT TRANS, INC. (B232; 24.4; NEW DAWN TRANSIT, LLC (B2; 24.1; G.V.C., LTD.; 20.2; LITTLE RICHIE BUS SERVICE; 19.6; BORO TRANSIT, INC.; 18.5; 
07-03-2016T05:46:00; RELIANT TRANS, INC. (B232; 25.9; NEW DAWN TRANSIT, LLC (B2; 21.700000000000003; BORO TRANSIT, INC.; 19.3; LEESEL TRANSP CORP (B2192; 18.1; LITTLE RICHIE BUS SERVICE; 17.4; 
09-03-2016T06:25:00; RELIANT TRANS, INC. (B232; 26.7; BORO TRANSIT, INC.; 19.400000000000002; LEESEL TRANSP CORP (B2192; 18.6; NEW DAWN TRANSIT, LLC (B2; 18.3; PIONEER TRANSPORTATION CO; 17.0; 
10-03-2016T06:25:00; RELIANT TRANS, INC. (B232; 27.6; LEESEL TRANSP CORP (B2192; 21.9; NEW DAWN TRANSIT, LLC (B2; 18.7; BORO TRANSIT, INC.; 16.3; PIONEER TRANSPORTATION CO; 16.2; 
11-03-2016T06:25:00; RELIANT TRANS, INC. (B232; 27.6; PIONEER TRANSPORTATION CO; 22.0; LEESEL TRANSP CORP (B2192; 21.9; NEW DAWN TRANSIT, LLC (B2; 18.7; BORO TRANSIT, INC.; 15.5; 
14-03-2016T05:45:00; RELIANT TRANS, INC. (B232; 25.799999999999997; PIONEER TRANSPORTATION CO; 24.1; NEW DAWN TRANSIT, LLC (B2; 20.0; LEESEL TRANSP CORP (B2192; 16.700000000000003; BORO TRANSIT, INC.; 15.7; 
15-03-2016T06:00:00; RELIANT TRANS, INC. (B232; 25.799999999999997; PIONEER TRANSPORTATION CO; 24.1; NEW DAWN TRANSIT, LLC (B2; 20.0; LEESEL TRANSP CORP (B2192; 16.700000000000003; G.V.C., LTD.; 16.1; 
16-03-2016T06:07:00; RELIANT TRANS, INC. (B232; 26.3; PIONEER TRANSPORTATION CO; 22.3; NEW DAWN TRANSIT, LLC (B2; 18.5; G.V.C., LTD.; 17.299999999999997; LEESEL TRANSP CORP (B2192; 17.2; 
17-03-2016T06:12:00; RELIANT TRANS, INC. (B232; 29.099999999999998; PIONEER TRANSPORTATION CO; 24.5; NEW DAWN TRANSIT, LLC (B2; 19.0; LEESEL TRANSP CORP (B2192; 18.799999999999997; G.V.C., LTD.; 17.0; 
18-03-2016T06:15:00; RELIANT TRANS, INC. (B232; 29.9; PIONEER TRANSPORTATION CO; 26.3; NEW DAWN TRANSIT, LLC (B2; 18.6; G.V.C., LTD.; 18.2; LEESEL TRANSP CORP (B2192; 17.099999999999998; 
21-03-2016T02:23:00; RELIANT TRANS, INC. (B232; 27.5; PIONEER TRANSPORTATION CO; 19.2; G.V.C., LTD.; 17.4; NEW DAWN TRANSIT, LLC (B2; 17.1; LEESEL TRANSP CORP (B2192; 17.099999999999998; 
22-03-2016T05:25:00; RELIANT TRANS, INC. (B232; 27.5; PIONEER TRANSPORTATION CO; 20.799999999999997; G.V.C., LTD.; 20.299999999999997; NEW DAWN TRANSIT, LLC (B2; 17.1; LEESEL TRANSP CORP (B2192; 15.6; 
23-03-2016T05:42:00; RELIANT TRANS, INC. (B232; 28.1; NEW DAWN TRANSIT, LLC (B2; 20.3; PIONEER TRANSPORTATION CO; 20.299999999999997; G.V.C., LTD.; 18.799999999999997; LEESEL TRANSP CORP (B2192; 15.5; 
28-03-2016T05:45:00; RELIANT TRANS, INC. (B232; 29.599999999999998; NEW DAWN TRANSIT, LLC (B2; 21.2; G.V.C., LTD.; 17.5; PIONEER TRANSPORTATION CO; 17.2; LEESEL TRANSP CORP (B2192; 15.1; 
31-03-2016T06:15:00; RELIANT TRANS, INC. (B232; 27.2; NEW DAWN TRANSIT, LLC (B2; 20.6; G.V.C., LTD.; 18.0; BORO TRANSIT, INC.; 11.0; PIONEER TRANSPORTATION CO; 10.899999999999999; 
01-04-2016T06:19:00; RELIANT TRANS, INC. (B232; 25.5; NEW DAWN TRANSIT, LLC (B2; 20.400000000000002; G.V.C., LTD.; 18.9; PIONEER TRANSPORTATION CO; 12.3; LITTLE RICHIE BUS SERVICE; 11.600000000000001; 
04-04-2016T05:35:00; NEW DAWN TRANSIT, LLC (B2; 22.700000000000003; RELIANT TRANS, INC. (B232; 19.6; G.V.C., LTD.; 18.9; LITTLE RICHIE BUS SERVICE; 15.0; PIONEER TRANSPORTATION CO; 12.1; 
05-04-2016T05:57:00; NEW DAWN TRANSIT, LLC (B2; 33.0; RELIANT TRANS, INC. (B232; 26.200000000000003; G.V.C., LTD.; 23.099999999999998; LEESEL TRANSP CORP (B2192; 16.9; LITTLE RICHIE BUS SERVICE; 16.6; 
06-04-2016T06:00:00; NEW DAWN TRANSIT, LLC (B2; 33.8; RELIANT TRANS, INC. (B232; 26.2; G.V.C., LTD.; 21.8; LEESEL TRANSP CORP (B2192; 19.0; LITTLE RICHIE BUS SERVICE; 17.5; 
07-04-2016T06:00:00; NEW DAWN TRANSIT, LLC (B2; 33.0; RELIANT TRANS, INC. (B232; 28.5; LEESEL TRANSP CORP (B2192; 22.4; G.V.C., LTD.; 21.6; PIONEER TRANSPORTATION CO; 18.5; 
08-04-2016T06:02:00; NEW DAWN TRANSIT, LLC (B2; 33.0; RELIANT TRANS, INC. (B232; 28.5; LEESEL TRANSP CORP (B2192; 22.4; PIONEER TRANSPORTATION CO; 20.0; G.V.C., LTD.; 19.799999999999997; 
11-04-2016T02:15:00; RELIANT TRANS, INC. (B232; 32.3; LEESEL TRANSP CORP (B2192; 29.7; NEW DAWN TRANSIT, LLC (B2; 26.4; G.V.C., LTD.; 19.5; PIONEER TRANSPORTATION CO; 17.4; 
12-04-2016T05:48:00; RELIANT TRANS, INC. (B232; 32.3; LEESEL TRANSP CORP (B2192; 29.999999999999996; NEW DAWN TRANSIT, LLC (B2; 26.4; PIONEER TRANSPORTATION CO; 19.4; G.V.C., LTD.; 18.799999999999997; 
14-04-2016T06:10:00; LEESEL TRANSP CORP (B2192; 32.4; RELIANT TRANS, INC. (B232; 31.6; PIONEER TRANSPORTATION CO; 20.6; NEW DAWN TRANSIT, LLC (B2; 19.4; G.V.C., LTD.; 16.4; 
15-04-2016T06:10:00; LEESEL TRANSP CORP (B2192; 32.1; RELIANT TRANS, INC. (B232; 31.6; PIONEER TRANSPORTATION CO; 20.6; NEW DAWN TRANSIT, LLC (B2; 19.4; BORO TRANSIT, INC.; 15.8; 
18-04-2016T02:33:00; RELIANT TRANS, INC. (B232; 29.700000000000003; LEESEL TRANSP CORP (B2192; 25.7; NEW DAWN TRANSIT, LLC (B2; 20.700000000000003; PIONEER TRANSPORTATION CO; 19.9; BORO TRANSIT, INC.; 17.4; 
19-04-2016T06:03:00; RELIANT TRANS, INC. (B232; 30.3; LEESEL TRANSP CORP (B2192; 25.7; NEW DAWN TRANSIT, LLC (B2; 22.9; PIONEER TRANSPORTATION CO; 21.1; BORO TRANSIT, INC.; 18.200000000000003; 
22-04-2016T06:20:00; RELIANT TRANS, INC. (B232; 30.6; LEESEL TRANSP CORP (B2192; 27.7; NEW DAWN TRANSIT, LLC (B2; 21.700000000000003; BORO TRANSIT, INC.; 19.4; PIONEER TRANSPORTATION CO; 18.5; 
25-04-2016T06:13:00; RELIANT TRANS, INC. (B232; 33.3; LEESEL TRANSP CORP (B2192; 28.7; NEW DAWN TRANSIT, LLC (B2; 22.7; PIONEER TRANSPORTATION CO; 18.5; BORO TRANSIT, INC.; 18.1; 
29-04-2016T06:12:00; RELIANT TRANS, INC. (B232; 24.1; NEW DAWN TRANSIT, LLC (B2; 19.1; LEESEL TRANSP CORP (B2192; 19.099999999999998; PIONEER TRANSPORTATION CO; 13.7; BORO TRANSIT, INC.; 10.8; 
02-05-2016T02:30:00; RELIANT TRANS, INC. (B232; 11.600000000000001; NEW DAWN TRANSIT, LLC (B2; 11.5; LEESEL TRANSP CORP (B2192; 9.7; PIONEER TRANSPORTATION CO; 6.4; BORO TRANSIT, INC.; 5.800000000000001; 
03-05-2016T05:56:00; PIONEER TRANSPORTATION CO; 7.8999999999999995; BORO TRANSIT, INC.; 6.7; RELIANT TRANS, INC. (B232; 5.8999999999999995; LEESEL TRANSP CORP (B2192; 3.9999999999999996; NEW DAWN TRANSIT, LLC (B2; 3.9; 
04-05-2016T06:10:00; RELIANT TRANS, INC. (B232; 15.5; PIONEER TRANSPORTATION CO; 12.6; LEESEL TRANSP CORP (B2192; 12.1; BORO TRANSIT, INC.; 9.5; NEW DAWN TRANSIT, LLC (B2; 8.8; 
05-05-2016T06:10:00; LEESEL TRANSP CORP (B2192; 17.499999999999996; RELIANT TRANS, INC. (B232; 17.1; PIONEER TRANSPORTATION CO; 16.599999999999998; NEW DAWN TRANSIT, LLC (B2; 12.6; BORO TRANSIT, INC.; 11.8; 
06-05-2016T06:15:00; LEESEL TRANSP CORP (B2192; 21.2; RELIANT TRANS, INC. (B232; 20.299999999999997; PIONEER TRANSPORTATION CO; 20.0; NEW DAWN TRANSIT, LLC (B2; 14.5; BORO TRANSIT, INC.; 14.400000000000002; 
09-05-2016T04:17:00; RELIANT TRANS, INC. (B232; 29.7; LEESEL TRANSP CORP (B2192; 26.5; PIONEER TRANSPORTATION CO; 23.9; NEW DAWN TRANSIT, LLC (B2; 17.2; BORO TRANSIT, INC.; 16.599999999999998; 
10-05-2016T05:58:00; RELIANT TRANS, INC. (B232; 33.1; LEESEL TRANSP CORP (B2192; 32.6; PIONEER TRANSPORTATION CO; 28.700000000000003; NEW DAWN TRANSIT, LLC (B2; 20.6; BORO TRANSIT, INC.; 18.4; 
11-05-2016T06:06:00; LEESEL TRANSP CORP (B2192; 32.6; RELIANT TRANS, INC. (B232; 30.900000000000002; NEW DAWN TRANSIT, LLC (B2; 24.799999999999997; PIONEER TRANSPORTATION CO; 24.5; BORO TRANSIT, INC.; 15.9; 
13-05-2016T06:13:00; LEESEL TRANSP CORP (B2192; 30.0; RELIANT TRANS, INC. (B232; 26.200000000000003; NEW DAWN TRANSIT, LLC (B2; 24.6; PIONEER TRANSPORTATION CO; 21.9; BORO TRANSIT, INC.; 15.100000000000001; 
16-05-2016T02:23:00; LEESEL TRANSP CORP (B2192; 30.0; RELIANT TRANS, INC. (B232; 27.5; NEW DAWN TRANSIT, LLC (B2; 25.2; PIONEER TRANSPORTATION CO; 21.8; G.V.C., LTD.; 17.5; 
17-05-2016T06:10:00; LEESEL TRANSP CORP (B2192; 31.599999999999998; NEW DAWN TRANSIT, LLC (B2; 27.8; RELIANT TRANS, INC. (B232; 26.5; PIONEER TRANSPORTATION CO; 23.9; G.V.C., LTD.; 18.400000000000002; 
18-05-2016T06:15:00; LEESEL TRANSP CORP (B2192; 30.8; RELIANT TRANS, INC. (B232; 28.3; NEW DAWN TRANSIT, LLC (B2; 27.8; PIONEER TRANSPORTATION CO; 23.5; BORO TRANSIT, INC.; 15.5; 
19-05-2016T06:15:00; LEESEL TRANSP CORP (B2192; 29.1; RELIANT TRANS, INC. (B232; 26.8; NEW DAWN TRANSIT, LLC (B2; 25.900000000000002; PIONEER TRANSPORTATION CO; 22.9; G.V.C., LTD.; 16.0; 
20-05-2016T06:15:00; LEESEL TRANSP CORP (B2192; 29.1; RELIANT TRANS, INC. (B232; 25.699999999999996; NEW DAWN TRANSIT, LLC (B2; 25.5; PIONEER TRANSPORTATION CO; 24.5; G.V.C., LTD.; 16.799999999999997; 
23-05-2016T01:45:00; LEESEL TRANSP CORP (B2192; 28.9; PIONEER TRANSPORTATION CO; 28.0; RELIANT TRANS, INC. (B232; 25.699999999999996; NEW DAWN TRANSIT, LLC (B2; 25.5; G.V.C., LTD.; 15.799999999999999; 
24-05-2016T05:50:00; NEW DAWN TRANSIT, LLC (B2; 29.4; PIONEER TRANSPORTATION CO; 29.2; LEESEL TRANSP CORP (B2192; 28.4; RELIANT TRANS, INC. (B232; 25.9; G.V.C., LTD.; 14.6; 
25-05-2016T06:00:00; LEESEL TRANSP CORP (B2192; 30.3; PIONEER TRANSPORTATION CO; 29.599999999999998; NEW DAWN TRANSIT, LLC (B2; 29.1; RELIANT TRANS, INC. (B232; 24.5; G.V.C., LTD.; 17.099999999999998; 
26-05-2016T06:15:00; NEW DAWN TRANSIT, LLC (B2; 31.6; LEESEL TRANSP CORP (B2192; 30.3; RELIANT TRANS, INC. (B232; 26.7; PIONEER TRANSPORTATION CO; 26.5; G.V.C., LTD.; 18.8; 
27-05-2016T06:20:00; RELIANT TRANS, INC. (B232; 37.2; NEW DAWN TRANSIT, LLC (B2; 31.6; LEESEL TRANSP CORP (B2192; 29.400000000000002; PIONEER TRANSPORTATION CO; 28.5; G.V.C., LTD.; 21.0; 
01-06-2016T06:00:00; RELIANT TRANS, INC. (B232; 36.1; NEW DAWN TRANSIT, LLC (B2; 24.0; LEESEL TRANSP CORP (B2192; 23.5; PIONEER TRANSPORTATION CO; 19.9; G.V.C., LTD.; 16.5; 
07-06-2016T06:15:00; RELIANT TRANS, INC. (B232; 31.5; NEW DAWN TRANSIT, LLC (B2; 23.8; LEESEL TRANSP CORP (B2192; 21.999999999999996; PIONEER TRANSPORTATION CO; 21.1; G.V.C., LTD.; 16.3; 
08-06-2016T06:20:00; RELIANT TRANS, INC. (B232; 38.0; NEW DAWN TRANSIT, LLC (B2; 27.2; LEESEL TRANSP CORP (B2192; 25.299999999999997; PIONEER TRANSPORTATION CO; 23.299999999999997; G.V.C., LTD.; 19.2; 
09-06-2016T06:25:00; RELIANT TRANS, INC. (B232; 38.0; NEW DAWN TRANSIT, LLC (B2; 27.2; LEESEL TRANSP CORP (B2192; 25.299999999999997; G.V.C., LTD.; 21.0; PIONEER TRANSPORTATION CO; 20.9; 
10-06-2016T06:30:00; RELIANT TRANS, INC. (B232; 28.2; LEESEL TRANSP CORP (B2192; 26.299999999999997; NEW DAWN TRANSIT, LLC (B2; 22.3; PIONEER TRANSPORTATION CO; 19.2; G.V.C., LTD.; 17.8; 
13-06-2016T04:43:00; NEW DAWN TRANSIT, LLC (B2; 26.3; RELIANT TRANS, INC. (B232; 25.799999999999997; LEESEL TRANSP CORP (B2192; 22.7; PIONEER TRANSPORTATION CO; 18.6; G.V.C., LTD.; 17.7; 
14-06-2016T06:28:00; RELIANT TRANS, INC. (B232; 26.200000000000003; LEESEL TRANSP CORP (B2192; 21.499999999999996; NEW DAWN TRANSIT, LLC (B2; 21.299999999999997; G.V.C., LTD.; 19.299999999999997; PIONEER TRANSPORTATION CO; 17.0; 
15-06-2016T06:40:00; RELIANT TRANS, INC. (B232; 26.200000000000003; LEESEL TRANSP CORP (B2192; 21.499999999999996; NEW DAWN TRANSIT, LLC (B2; 21.299999999999997; G.V.C., LTD.; 16.8; PIONEER TRANSPORTATION CO; 12.700000000000001; 
21-06-2016T06:00:00; RELIANT TRANS, INC. (B232; 20.6; G.V.C., LTD.; 16.6; LEESEL TRANSP CORP (B2192; 16.099999999999998; NEW DAWN TRANSIT, LLC (B2; 12.1; BORO TRANSIT, INC.; 9.8; 
22-06-2016T06:05:00; RELIANT TRANS, INC. (B232; 20.6; G.V.C., LTD.; 15.5; NEW DAWN TRANSIT, LLC (B2; 12.999999999999998; LEESEL TRANSP CORP (B2192; 12.4; BORO TRANSIT, INC.; 9.5; 
23-06-2016T06:11:00; RELIANT TRANS, INC. (B232; 22.0; G.V.C., LTD.; 17.3; NEW DAWN TRANSIT, LLC (B2; 16.2; DON THOMAS BUSES, INC. (B; 13.3; LEESEL TRANSP CORP (B2192; 12.4; 
24-06-2016T06:20:00; RELIANT TRANS, INC. (B232; 22.0; NEW DAWN TRANSIT, LLC (B2; 16.2; G.V.C., LTD.; 15.200000000000001; DON THOMAS BUSES, INC. (B; 13.3; PIONEER TRANSPORTATION CO; 9.6; 
27-06-2016T05:30:00; RELIANT TRANS, INC. (B232; 16.9; DON THOMAS BUSES, INC. (B; 14.7; NEW DAWN TRANSIT, LLC (B2; 13.5; G.V.C., LTD.; 13.3; PIONEER TRANSPORTATION CO; 9.7; 
28-06-2016T06:18:00; NEW DAWN TRANSIT, LLC (B2; 18.9; RELIANT TRANS, INC. (B232; 16.5; G.V.C., LTD.; 13.899999999999999; DON THOMAS BUSES, INC. (B; 13.700000000000001; PIONEER TRANSPORTATION CO; 10.0; 
29-06-2016T07:50:00; NEW DAWN TRANSIT, LLC (B2; 18.9; RELIANT TRANS, INC. (B232; 16.5; DON THOMAS BUSES, INC. (B; 13.700000000000001; G.V.C., LTD.; 10.799999999999999; PIONEER TRANSPORTATION CO; 10.0; 
05-07-2016T05:55:00; NEW DAWN TRANSIT, LLC (B2; 11.8; RELIANT TRANS, INC. (B232; 8.1; DON THOMAS BUSES, INC. (B; 4.6; PIONEER TRANSPORTATION CO; 4.2; HAPPY CHILD TRANS LLC (B2; 4.1; 
06-07-2016T06:25:00; NEW DAWN TRANSIT, LLC (B2; 11.8; RELIANT TRANS, INC. (B232; 8.1; G.V.C., LTD.; 5.5; DON THOMAS BUSES, INC. (B; 4.6; PIONEER TRANSPORTATION CO; 4.2; 
07-07-2016T06:40:00; G.V.C., LTD.; 7.800000000000001; HOYT TRANSPORTATION CORP.; 5.1; NEW DAWN TRANSIT, LLC (B2; 3.6; PRIDE TRANSPORTATION (SCH; 3.6; RELIANT TRANS, INC.; 2.8000000000000003; 
08-07-2016T06:55:00; G.V.C., LTD.; 11.5; HOYT TRANSPORTATION CORP.; 8.5; PRIDE TRANSPORTATION (SCH; 5.3; LOGAN BUS COMPANY INC.; 4.9; LORINDA ENT. LTD.; 4.4; 
11-07-2016T06:00:00; G.V.C., LTD.; 13.899999999999999; HOYT TRANSPORTATION CORP.; 11.4; PRIDE TRANSPORTATION (SCH; 8.4; ALL AMERICAN SCHOOL BUS C; 6.0; LOGAN BUS COMPANY INC.; 5.6; 
12-07-2016T06:05:00; G.V.C., LTD.; 18.4; PRIDE TRANSPORTATION (SCH; 17.2; HOYT TRANSPORTATION CORP.; 13.7; LOGAN BUS COMPANY INC.; 8.6; ALL AMERICAN SCHOOL BUS C; 6.6000000000000005; 
13-07-2016T06:15:00; PRIDE TRANSPORTATION (SCH; 22.099999999999998; G.V.C., LTD.; 21.6; HOYT TRANSPORTATION CORP.; 20.1; LOGAN BUS COMPANY INC.; 14.2; ALL AMERICAN SCHOOL BUS C; 9.0; 
15-07-2016T06:25:00; PRIDE TRANSPORTATION (SCH; 32.2; HOYT TRANSPORTATION CORP.; 26.5; G.V.C., LTD.; 19.8; LOGAN BUS COMPANY INC.; 13.2; ALL AMERICAN SCHOOL BUS C; 10.6; 
20-07-2016T06:20:00; PRIDE TRANSPORTATION (SCH; 37.9; HOYT TRANSPORTATION CORP.; 29.4; LOGAN BUS COMPANY INC.; 18.3; G.V.C., LTD.; 17.799999999999997; ALL AMERICAN SCHOOL BUS C; 10.799999999999999; 
27-07-2016T06:31:00; PRIDE TRANSPORTATION (SCH; 39.6; LOGAN BUS COMPANY INC.; 25.1; HOYT TRANSPORTATION CORP.; 21.400000000000002; LORINDA ENT. LTD.; 12.299999999999999; G.V.C., LTD.; 11.5; 
29-07-2016T06:36:00; PRIDE TRANSPORTATION (SCH; 37.1; LOGAN BUS COMPANY INC.; 25.6; HOYT TRANSPORTATION CORP.; 21.799999999999997; G.V.C., LTD.; 10.7; LORINDA ENT. LTD.; 9.8; 
01-08-2016T06:00:00; PRIDE TRANSPORTATION (SCH; 34.8; LOGAN BUS COMPANY INC.; 23.1; HOYT TRANSPORTATION CORP.; 21.400000000000002; BORO TRANSIT, INC.; 11.1; G.V.C., LTD.; 9.7; 
03-08-2016T06:40:00; PRIDE TRANSPORTATION (SCH; 37.099999999999994; HOYT TRANSPORTATION CORP.; 23.8; LOGAN BUS COMPANY INC.; 23.3; BORO TRANSIT, INC.; 11.7; G.V.C., LTD.; 11.3; 
04-08-2016T06:50:00; PRIDE TRANSPORTATION (SCH; 30.5; HOYT TRANSPORTATION CORP.; 21.799999999999997; LOGAN BUS COMPANY INC.; 18.6; G.V.C., LTD.; 10.7; BORO TRANSIT, INC.; 9.3; 
11-08-2016T06:40:00; HOYT TRANSPORTATION CORP.; 18.8; PRIDE TRANSPORTATION (SCH; 17.4; LOGAN BUS COMPANY INC.; 16.9; G.V.C., LTD.; 7.5; LORINDA ENT. LTD.; 6.1000000000000005; 
15-08-2016T06:15:00; HOYT TRANSPORTATION CORP.; 17.2; LOGAN BUS COMPANY INC.; 13.5; PRIDE TRANSPORTATION (SCH; 13.1; G.V.C., LTD.; 8.2; LORINDA ENT. LTD.; 7.0; 
16-08-2016T06:48:00; HOYT TRANSPORTATION CORP.; 16.6; LOGAN BUS COMPANY INC.; 13.3; PRIDE TRANSPORTATION (SCH; 11.4; LORINDA ENT. LTD.; 8.9; CONSOLIDATED BUS TRANS. I; 7.300000000000001; 
17-08-2016T07:30:00; HOYT TRANSPORTATION CORP.; 14.4; PRIDE TRANSPORTATION (SCH; 10.3; LOGAN BUS COMPANY INC.; 9.6; LORINDA ENT. LTD.; 7.700000000000001; CONSOLIDATED BUS TRANS. I; 6.7; 
19-08-2016T07:07:00; HOYT TRANSPORTATION CORP.; 12.100000000000001; PRIDE TRANSPORTATION (SCH; 7.9; LORINDA ENT. LTD.; 7.6; LOGAN BUS COMPANY INC.; 6.5; CONSOLIDATED BUS TRANS. I; 5.4; 
23-08-2016T07:49:00; HOYT TRANSPORTATION CORP.; 8.5; PRIDE TRANSPORTATION (SCH; 5.8; LORINDA ENT. LTD.; 5.5; LOGAN BUS COMPANY INC.; 5.0; CONSOLIDATED BUS TRANS. I; 4.0; 
29-08-2016T07:15:00; LORINDA ENT. LTD.; 0.8; RELIANT TRANS, INC.; 0.8; HOYT TRANSPORTATION CORP.; 0.8; ADDIES; 0.6; PRIDE TRANSPORTATION (SCH; 0.6; 
01-09-2016T08:09:00; HOYT TRANSPORTATION CORP.; 1.0999999999999999; RELIANT TRANS, INC.; 0.8; MAR-CAN TRANSPORT CO. INC; 0.6; RELIANT TRANS, INC. (B232; 0.3; CHILDREN`S TRANS INC. (B2; 0.3; 
02-09-2016T08:45:00; MAR-CAN TRANSPORT CO. INC; 1.7999999999999998; HOYT TRANSPORTATION CORP.; 0.8999999999999999; THOMAS BUSES, INC. (B2321; 0.7; RELIANT TRANS, INC. (B232; 0.5; ALL COUNTY BUS LLC (B2321; 0.3; 
06-09-2016T06:13:00; MAR-CAN TRANSPORT CO. INC; 1.7999999999999998; HOYT TRANSPORTATION CORP.; 0.8999999999999999; THOMAS BUSES, INC. (B2321; 0.7; RELIANT TRANS, INC. (B232; 0.5; ALL COUNTY BUS LLC (B2321; 0.3; 
07-09-2016T06:16:00; LOGAN BUS COMPANY INC.; 3.9000000000000004; RELIANT TRANS, INC. (B232; 3.8; MAR-CAN TRANSPORT CO. INC; 2.1; BORO TRANSIT, INC.; 1.5; G.V.C., LTD.; 1.4; 
08-09-2016T06:20:00; RELIANT TRANS, INC. (B232; 12.8; LOGAN BUS COMPANY INC.; 3.9000000000000004; MAR-CAN TRANSPORT CO. INC; 3.5999999999999996; THOMAS BUSES, INC. (B2321; 3.2; LEESEL TRANSP CORP (B2192; 2.9; 
09-09-2016T06:20:00; RELIANT TRANS, INC. (B232; 28.0; PIONEER TRANSPORTATION CO; 13.0; NEW DAWN TRANSIT, LLC (B2; 10.3; G.V.C., LTD.; 8.7; LOGAN BUS COMPANY INC.; 6.8; 
12-09-2016T05:14:00; RELIANT TRANS, INC. (B232; 40.7; PIONEER TRANSPORTATION CO; 22.5; NEW DAWN TRANSIT, LLC (B2; 17.6; G.V.C., LTD.; 13.3; LOGAN BUS COMPANY INC.; 9.8; 
13-09-2016T06:10:00; RELIANT TRANS, INC. (B232; 41.800000000000004; PIONEER TRANSPORTATION CO; 22.5; NEW DAWN TRANSIT, LLC (B2; 17.6; G.V.C., LTD.; 16.599999999999998; LOGAN BUS COMPANY INC.; 11.600000000000001; 
14-09-2016T06:15:00; RELIANT TRANS, INC. (B232; 53.2; PIONEER TRANSPORTATION CO; 32.6; NEW DAWN TRANSIT, LLC (B2; 24.6; G.V.C., LTD.; 24.099999999999998; BORO TRANSIT, INC.; 15.600000000000001; 
15-09-2016T06:15:00; RELIANT TRANS, INC. (B232; 53.2; PIONEER TRANSPORTATION CO; 32.6; G.V.C., LTD.; 28.7; NEW DAWN TRANSIT, LLC (B2; 24.6; LITTLE RICHIE BUS SERVICE; 18.8; 
16-09-2016T06:15:00; RELIANT TRANS, INC. (B232; 58.3; PIONEER TRANSPORTATION CO; 42.49999999999999; G.V.C., LTD.; 35.8; NEW DAWN TRANSIT, LLC (B2; 27.8; LITTLE RICHIE BUS SERVICE; 20.5; 
21-09-2016T05:55:00; RELIANT TRANS, INC. (B232; 54.4; PIONEER TRANSPORTATION CO; 52.2; G.V.C., LTD.; 42.199999999999996; NEW DAWN TRANSIT, LLC (B2; 32.3; LEESEL TRANSP CORP (B2192; 24.3; 
22-09-2016T06:00:00; PIONEER TRANSPORTATION CO; 50.300000000000004; RELIANT TRANS, INC. (B232; 49.3; G.V.C., LTD.; 42.99999999999999; NEW DAWN TRANSIT, LLC (B2; 32.3; LEESEL TRANSP CORP (B2192; 24.3; 
23-09-2016T06:09:00; RELIANT TRANS, INC. (B232; 49.3; PIONEER TRANSPORTATION CO; 48.2; G.V.C., LTD.; 43.599999999999994; NEW DAWN TRANSIT, LLC (B2; 34.5; LEESEL TRANSP CORP (B2192; 27.7; 
26-09-2016T01:53:00; RELIANT TRANS, INC. (B232; 52.3; PIONEER TRANSPORTATION CO; 46.1; NEW DAWN TRANSIT, LLC (B2; 45.8; G.V.C., LTD.; 45.2; LEESEL TRANSP CORP (B2192; 27.1; 
27-09-2016T05:46:00; RELIANT TRANS, INC. (B232; 52.3; PIONEER TRANSPORTATION CO; 49.9; G.V.C., LTD.; 47.3; NEW DAWN TRANSIT, LLC (B2; 45.8; LEESEL TRANSP CORP (B2192; 30.4; 
28-09-2016T06:00:00; RELIANT TRANS, INC. (B232; 54.5; PIONEER TRANSPORTATION CO; 52.1; G.V.C., LTD.; 51.3; NEW DAWN TRANSIT, LLC (B2; 46.8; LEESEL TRANSP CORP (B2192; 33.9; 
29-09-2016T06:00:00; RELIANT TRANS, INC. (B232; 52.5; G.V.C., LTD.; 51.3; PIONEER TRANSPORTATION CO; 48.8; NEW DAWN TRANSIT, LLC (B2; 44.8; LEESEL TRANSP CORP (B2192; 37.699999999999996; 
30-09-2016T06:00:00; RELIANT TRANS, INC. (B232; 53.8; G.V.C., LTD.; 49.3; NEW DAWN TRANSIT, LLC (B2; 48.0; PIONEER TRANSPORTATION CO; 44.1; LEESEL TRANSP CORP (B2192; 27.799999999999997; 
03-10-2016T06:05:00; G.V.C., LTD.; 48.4; RELIANT TRANS, INC. (B232; 47.9; NEW DAWN TRANSIT, LLC (B2; 42.5; PIONEER TRANSPORTATION CO; 38.300000000000004; LEESEL TRANSP CORP (B2192; 26.2; 
04-10-2016T06:15:00; G.V.C., LTD.; 30.7; RELIANT TRANS, INC. (B232; 30.2; NEW DAWN TRANSIT, LLC (B2; 27.299999999999997; PIONEER TRANSPORTATION CO; 23.599999999999998; LEESEL TRANSP CORP (B2192; 18.299999999999997; 
05-10-2016T06:45:00; NEW DAWN TRANSIT, LLC (B2; 24.4; RELIANT TRANS, INC. (B232; 22.4; G.V.C., LTD.; 19.499999999999996; PIONEER TRANSPORTATION CO; 12.1; LEESEL TRANSP CORP (B2192; 11.1; 
06-10-2016T06:45:00; NEW DAWN TRANSIT, LLC (B2; 24.4; RELIANT TRANS, INC. (B232; 22.4; G.V.C., LTD.; 17.599999999999998; PIONEER TRANSPORTATION CO; 12.1; LITTLE RICHIE BUS SERVICE; 11.2; 
11-10-2016T05:19:00; NEW DAWN TRANSIT, LLC (B2; 24.3; G.V.C., LTD.; 19.4; RELIANT TRANS, INC. (B232; 18.9; PIONEER TRANSPORTATION CO; 16.5; LITTLE RICHIE BUS SERVICE; 12.4; 
12-10-2016T06:09:00; NEW DAWN TRANSIT, LLC (B2; 26.7; G.V.C., LTD.; 25.4; PIONEER TRANSPORTATION CO; 22.299999999999997; RELIANT TRANS, INC. (B232; 17.699999999999996; LITTLE RICHIE BUS SERVICE; 13.0; 
13-10-2016T06:30:00; NEW DAWN TRANSIT, LLC (B2; 37.9; G.V.C., LTD.; 25.4; RELIANT TRANS, INC. (B232; 21.9; PIONEER TRANSPORTATION CO; 19.9; LITTLE RICHIE BUS SERVICE; 13.4; 
14-10-2016T06:30:00; NEW DAWN TRANSIT, LLC (B2; 36.9; G.V.C., LTD.; 27.099999999999998; RELIANT TRANS, INC. (B232; 22.7; PIONEER TRANSPORTATION CO; 20.5; LEESEL TRANSP CORP (B2192; 15.0; 
17-10-2016T02:41:00; NEW DAWN TRANSIT, LLC (B2; 33.3; G.V.C., LTD.; 26.7; RELIANT TRANS, INC. (B232; 19.9; LEESEL TRANSP CORP (B2192; 18.999999999999996; PIONEER TRANSPORTATION CO; 18.4; 
18-10-2016T06:00:00; NEW DAWN TRANSIT, LLC (B2; 33.1; G.V.C., LTD.; 25.7; RELIANT TRANS, INC. (B232; 18.900000000000002; PIONEER TRANSPORTATION CO; 18.5; LEESEL TRANSP CORP (B2192; 16.2; 
19-10-2016T06:00:00; NEW DAWN TRANSIT, LLC (B2; 33.1; G.V.C., LTD.; 32.0; RELIANT TRANS, INC. (B232; 22.4; PIONEER TRANSPORTATION CO; 21.5; LEESEL TRANSP CORP (B2192; 16.2; 
20-10-2016T06:07:00; G.V.C., LTD.; 32.4; NEW DAWN TRANSIT, LLC (B2; 30.9; RELIANT TRANS, INC. (B232; 21.799999999999997; PIONEER TRANSPORTATION CO; 19.4; LEESEL TRANSP CORP (B2192; 17.7; 
21-10-2016T06:10:00; G.V.C., LTD.; 37.5; NEW DAWN TRANSIT, LLC (B2; 30.9; RELIANT TRANS, INC. (B232; 25.599999999999998; PIONEER TRANSPORTATION CO; 23.0; LEESEL TRANSP CORP (B2192; 17.799999999999997; 
24-10-2016T05:30:00; G.V.C., LTD.; 34.7; NEW DAWN TRANSIT, LLC (B2; 31.3; PIONEER TRANSPORTATION CO; 23.5; RELIANT TRANS, INC. (B232; 20.3; LEESEL TRANSP CORP (B2192; 19.299999999999997; 
25-10-2016T05:45:00; NEW DAWN TRANSIT, LLC (B2; 34.0; G.V.C., LTD.; 31.9; PIONEER TRANSPORTATION CO; 28.2; RELIANT TRANS, INC. (B232; 21.400000000000002; LEESEL TRANSP CORP (B2192; 16.5; 
26-10-2016T05:59:00; NEW DAWN TRANSIT, LLC (B2; 34.0; PIONEER TRANSPORTATION CO; 31.7; G.V.C., LTD.; 30.6; RELIANT TRANS, INC. (B232; 21.400000000000002; LITTLE RICHIE BUS SERVICE; 17.2; 
27-10-2016T06:00:00; PIONEER TRANSPORTATION CO; 33.9; NEW DAWN TRANSIT, LLC (B2; 32.8; G.V.C., LTD.; 29.7; RELIANT TRANS, INC. (B232; 26.5; LEESEL TRANSP CORP (B2192; 17.599999999999998; 
28-10-2016T06:00:00; NEW DAWN TRANSIT, LLC (B2; 41.099999999999994; PIONEER TRANSPORTATION CO; 35.9; RELIANT TRANS, INC. (B232; 28.700000000000003; G.V.C., LTD.; 26.3; LEESEL TRANSP CORP (B2192; 17.599999999999998; 
01-11-2016T05:50:00; NEW DAWN TRANSIT, LLC (B2; 48.3; PIONEER TRANSPORTATION CO; 35.9; RELIANT TRANS, INC. (B232; 32.9; G.V.C., LTD.; 25.7; HAPPY CHILD TRANS LLC (B2; 19.4; 
02-11-2016T06:05:00; NEW DAWN TRANSIT, LLC (B2; 42.0; PIONEER TRANSPORTATION CO; 35.099999999999994; RELIANT TRANS, INC. (B232; 33.4; G.V.C., LTD.; 27.1; HAPPY CHILD TRANS LLC (B2; 20.9; 
03-11-2016T06:10:00; PIONEER TRANSPORTATION CO; 40.7; RELIANT TRANS, INC. (B232; 35.4; NEW DAWN TRANSIT, LLC (B2; 34.8; G.V.C., LTD.; 25.1; HAPPY CHILD TRANS LLC (B2; 21.2; 
04-11-2016T06:15:00; PIONEER TRANSPORTATION CO; 40.4; RELIANT TRANS, INC. (B232; 34.0; NEW DAWN TRANSIT, LLC (B2; 28.700000000000003; G.V.C., LTD.; 24.0; HAPPY CHILD TRANS LLC (B2; 19.6; 
07-11-2016T02:25:00; PIONEER TRANSPORTATION CO; 39.1; RELIANT TRANS, INC. (B232; 31.299999999999997; G.V.C., LTD.; 26.2; NEW DAWN TRANSIT, LLC (B2; 22.299999999999997; HAPPY CHILD TRANS LLC (B2; 19.8; 
10-11-2016T06:18:00; PIONEER TRANSPORTATION CO; 30.6; RELIANT TRANS, INC. (B232; 27.9; G.V.C., LTD.; 21.8; NEW DAWN TRANSIT, LLC (B2; 20.8; BORO TRANSIT, INC.; 16.5; 
11-11-2016T07:34:00; RELIANT TRANS, INC. (B232; 27.9; G.V.C., LTD.; 23.0; PIONEER TRANSPORTATION CO; 21.299999999999997; NEW DAWN TRANSIT, LLC (B2; 20.8; BORO TRANSIT, INC.; 16.1; 
15-11-2016T05:47:00; NEW DAWN TRANSIT, LLC (B2; 27.6; RELIANT TRANS, INC. (B232; 24.2; G.V.C., LTD.; 21.4; PIONEER TRANSPORTATION CO; 19.7; BORO TRANSIT, INC.; 17.6; 
16-11-2016T06:05:00; NEW DAWN TRANSIT, LLC (B2; 30.9; RELIANT TRANS, INC. (B232; 23.2; G.V.C., LTD.; 21.3; PIONEER TRANSPORTATION CO; 18.0; LEESEL TRANSP CORP (B2192; 13.5; 
17-11-2016T06:12:00; NEW DAWN TRANSIT, LLC (B2; 34.4; RELIANT TRANS, INC. (B232; 25.8; G.V.C., LTD.; 23.799999999999997; PIONEER TRANSPORTATION CO; 21.0; LEESEL TRANSP CORP (B2192; 18.6; 
21-11-2016T02:15:00; RELIANT TRANS, INC. (B232; 28.5; NEW DAWN TRANSIT, LLC (B2; 28.299999999999997; PIONEER TRANSPORTATION CO; 22.9; G.V.C., LTD.; 22.799999999999997; LEESEL TRANSP CORP (B2192; 19.0; 
22-11-2016T05:48:00; RELIANT TRANS, INC. (B232; 28.5; NEW DAWN TRANSIT, LLC (B2; 28.299999999999997; PIONEER TRANSPORTATION CO; 25.5; G.V.C., LTD.; 24.5; LEESEL TRANSP CORP (B2192; 21.0; 
23-11-2016T06:00:00; NEW DAWN TRANSIT, LLC (B2; 38.2; RELIANT TRANS, INC. (B232; 36.800000000000004; PIONEER TRANSPORTATION CO; 30.4; G.V.C., LTD.; 28.5; LEESEL TRANSP CORP (B2192; 22.0; 
28-11-2016T05:33:00; NEW DAWN TRANSIT, LLC (B2; 38.7; RELIANT TRANS, INC. (B232; 31.099999999999998; PIONEER TRANSPORTATION CO; 27.2; G.V.C., LTD.; 24.099999999999998; LEESEL TRANSP CORP (B2192; 19.0; 
29-11-2016T05:48:00; NEW DAWN TRANSIT, LLC (B2; 38.7; RELIANT TRANS, INC. (B232; 31.099999999999998; LEESEL TRANSP CORP (B2192; 19.0; PIONEER TRANSPORTATION CO; 17.0; G.V.C., LTD.; 16.2; 
30-11-2016T06:10:00; NEW DAWN TRANSIT, LLC (B2; 34.9; RELIANT TRANS, INC. (B232; 24.0; G.V.C., LTD.; 18.799999999999997; PIONEER TRANSPORTATION CO; 17.0; VAN TRANS LLC (B2192); 10.7; 
02-12-2016T06:10:00; NEW DAWN TRANSIT, LLC (B2; 41.5; RELIANT TRANS, INC. (B232; 24.4; G.V.C., LTD.; 21.1; LEESEL TRANSP CORP (B2192; 18.299999999999997; PIONEER TRANSPORTATION CO; 16.8; 
05-12-2016T05:28:00; NEW DAWN TRANSIT, LLC (B2; 41.5; RELIANT TRANS, INC. (B232; 27.0; G.V.C., LTD.; 25.6; PIONEER TRANSPORTATION CO; 20.599999999999998; LEESEL TRANSP CORP (B2192; 18.299999999999997; 
