01-09-2015T00:00:00 - morning , Heavy Traffic, Mechanical Problem, Other, 
02-09-2015T00:00:00 - afternoon , Mechanical Problem, Problem Run, Other, morning , Heavy Traffic, Mechanical Problem, Problem Run, 
03-09-2015T00:00:00 - afternoon , Mechanical Problem, Problem Run, Other, morning , Mechanical Problem, Problem Run, Won`t Start, 
04-09-2015T00:00:00 - afternoon , Mechanical Problem, Other, Problem Run, morning , Mechanical Problem, Other, Won`t Start, 
08-09-2015T00:00:00 - afternoon , Other, Delayed by School, Heavy Traffic, morning , Delayed by School, Flat Tire, Other, 
09-09-2015T00:00:00 - afternoon , Other, Delayed by School, Heavy Traffic, morning , Weather Conditions, Delayed by School, Heavy Traffic, 
10-09-2015T00:00:00 - afternoon , Other, Heavy Traffic, Mechanical Problem, morning , Heavy Traffic, Other, Mechanical Problem, 
11-09-2015T00:00:00 - afternoon , Other, Weather Conditions, Heavy Traffic, morning , Delayed by School, Won`t Start, Heavy Traffic, 
15-09-2015T00:00:00 - morning , Mechanical Problem, Problem Run, Flat Tire, 
16-09-2015T00:00:00 - afternoon , Other, Heavy Traffic, Problem Run, morning , Heavy Traffic, Mechanical Problem, Other, 
17-09-2015T00:00:00 - afternoon , Other, Heavy Traffic, Problem Run, morning , Heavy Traffic, Problem Run, Mechanical Problem, 
18-09-2015T00:00:00 - afternoon , Other, Problem Run, Heavy Traffic, afternoon , Other, Mechanical Problem, Heavy Traffic, 
21-09-2015T00:00:00 - morning , Other, Mechanical Problem, Heavy Traffic, 
22-09-2015T00:00:00 - afternoon , Problem Run, Other, Mechanical Problem, morning , Heavy Traffic, Mechanical Problem, Other, 
24-09-2015T00:00:00 - morning , Heavy Traffic, Flat Tire, Other, 
25-09-2015T00:00:00 - afternoon , Other, Problem Run, Heavy Traffic, morning , Heavy Traffic, Other, Problem Run, 
28-09-2015T00:00:00 - afternoon , Other, Heavy Traffic, Problem Run, morning , Mechanical Problem, Heavy Traffic, Problem Run, 
29-09-2015T00:00:00 - afternoon , Other, Heavy Traffic, Problem Run, morning , Weather Conditions, Heavy Traffic, Mechanical Problem, 
30-09-2015T00:00:00 - afternoon , Weather Conditions, Problem Run, Other, morning , Weather Conditions, Mechanical Problem, Problem Run, 
01-10-2015T00:00:00 - morning , Weather Conditions, Problem Run, Mechanical Problem, 
02-10-2015T00:00:00 - afternoon , Other, Problem Run, Heavy Traffic, afternoon , Other, Problem Run, Heavy Traffic, 
05-10-2015T00:00:00 - morning , Mechanical Problem, Problem Run, Other, 
06-10-2015T00:00:00 - afternoon , Problem Run, Mechanical Problem, Other, morning , Mechanical Problem, Problem Run, Other, 
07-10-2015T00:00:00 - afternoon , Other, Heavy Traffic, Problem Run, morning , Mechanical Problem, Heavy Traffic, Problem Run, 
08-10-2015T00:00:00 - afternoon , Other, Problem Run, Heavy Traffic, morning , Problem Run, Mechanical Problem, Other, 
09-10-2015T00:00:00 - afternoon , Other, Problem Run, Heavy Traffic, morning , Heavy Traffic, Problem Run, Other, 
13-10-2015T00:00:00 - afternoon , Other, Heavy Traffic, Mechanical Problem, morning , Mechanical Problem, Heavy Traffic, Other, 
14-10-2015T00:00:00 - afternoon , Heavy Traffic, Other, Late return from Field Trip, morning , Mechanical Problem, Other, Late return from Field Trip, 
15-10-2015T00:00:00 - morning , Heavy Traffic, Other, Late return from Field Trip, 
19-10-2015T00:00:00 - afternoon , Other, Heavy Traffic, Mechanical Problem, morning , Mechanical Problem, Heavy Traffic, Other, 
20-10-2015T00:00:00 - morning , Heavy Traffic, Problem Run, Other, 
21-10-2015T00:00:00 - afternoon , Heavy Traffic, Other, Won`t Start, morning , Heavy Traffic, Other, Flat Tire, 
22-10-2015T00:00:00 - afternoon , Other, Heavy Traffic, Mechanical Problem, morning , Heavy Traffic, Mechanical Problem, Other, 
23-10-2015T00:00:00 - afternoon , Other, Heavy Traffic, Late return from Field Trip, 
26-10-2015T00:00:00 - morning , Mechanical Problem, Heavy Traffic, Other, 
27-10-2015T00:00:00 - afternoon , Other, Heavy Traffic, Mechanical Problem, morning , Flat Tire, Heavy Traffic, Other, 
28-10-2015T00:00:00 - afternoon , Other, Heavy Traffic, Late return from Field Trip, morning , Heavy Traffic, Weather Conditions, Late return from Field Trip, 
29-10-2015T00:00:00 - afternoon , Other, Weather Conditions, Heavy Traffic, morning , Mechanical Problem, Weather Conditions, Heavy Traffic, 
30-10-2015T00:00:00 - afternoon , Other, Weather Conditions, Heavy Traffic, afternoon , Other, Won`t Start, Heavy Traffic, 
02-11-2015T00:00:00 - afternoon , Other, Weather Conditions, Heavy Traffic, 
03-11-2015T00:00:00 - morning , Other, Flat Tire, Weather Conditions, 
04-11-2015T00:00:00 - afternoon , Other, Heavy Traffic, Mechanical Problem, morning , Heavy Traffic, Other, Flat Tire, 
05-11-2015T00:00:00 - afternoon , Other, Heavy Traffic, Late return from Field Trip, morning , Heavy Traffic, Other, Flat Tire, 
06-11-2015T00:00:00 - afternoon , Other, Heavy Traffic, Mechanical Problem, 
09-11-2015T00:00:00 - morning , Other, Heavy Traffic, Weather Conditions, 
10-11-2015T00:00:00 - afternoon , Other, Heavy Traffic, Late return from Field Trip, morning , Mechanical Problem, Heavy Traffic, Other, 
12-11-2015T00:00:00 - morning , Other, Won`t Start, Mechanical Problem, 
13-11-2015T00:00:00 - afternoon , Other, Heavy Traffic, Late return from Field Trip, afternoon , Other, Heavy Traffic, Mechanical Problem, 
16-11-2015T00:00:00 - morning , Other, Mechanical Problem, Heavy Traffic, 
17-11-2015T00:00:00 - afternoon , Other, Heavy Traffic, Mechanical Problem, morning , Heavy Traffic, Other, Won`t Start, 
18-11-2015T00:00:00 - afternoon , Other, Heavy Traffic, Late return from Field Trip, morning , Mechanical Problem, Heavy Traffic, Other, 
19-11-2015T00:00:00 - afternoon , Other, Heavy Traffic, Late return from Field Trip, afternoon , Other, Heavy Traffic, Delayed by School, 
20-11-2015T00:00:00 - afternoon , Other, Heavy Traffic, Flat Tire, 
23-11-2015T00:00:00 - morning , Heavy Traffic, Other, Won`t Start, 
24-11-2015T00:00:00 - afternoon , Other, Heavy Traffic, Late return from Field Trip, morning , Heavy Traffic, Other, Mechanical Problem, 
25-11-2015T00:00:00 - afternoon , Other, Heavy Traffic, Problem Run, morning , Heavy Traffic, Other, Mechanical Problem, 
30-11-2015T00:00:00 - afternoon , Other, Heavy Traffic, Flat Tire, morning , Weather Conditions, Heavy Traffic, Other, 
01-12-2015T00:00:00 - afternoon , Weather Conditions, Other, Heavy Traffic, morning , Weather Conditions, Heavy Traffic, Mechanical Problem, 
02-12-2015T00:00:00 - afternoon , Other, Heavy Traffic, Weather Conditions, morning , Heavy Traffic, Weather Conditions, Mechanical Problem, 
03-12-2015T00:00:00 - afternoon , Other, Weather Conditions, Heavy Traffic, morning , Weather Conditions, Mechanical Problem, Heavy Traffic, 
04-12-2015T00:00:00 - afternoon , Other, Weather Conditions, Heavy Traffic, afternoon , Weather Conditions, Other, Heavy Traffic, 
07-12-2015T00:00:00 - morning , Weather Conditions, Heavy Traffic, Mechanical Problem, 
08-12-2015T00:00:00 - afternoon , Weather Conditions, Heavy Traffic, Other, morning , Weather Conditions, Heavy Traffic, Mechanical Problem, 
09-12-2015T00:00:00 - afternoon , Weather Conditions, Other, Heavy Traffic, morning , Weather Conditions, Heavy Traffic, Mechanical Problem, 
10-12-2015T00:00:00 - afternoon , Weather Conditions, Heavy Traffic, Other, morning , Weather Conditions, Heavy Traffic, Mechanical Problem, 
11-12-2015T00:00:00 - afternoon , Other, Heavy Traffic, Mechanical Problem, 
14-12-2015T00:00:00 - morning , Heavy Traffic, Other, Flat Tire, 
15-12-2015T00:00:00 - afternoon , Other, Heavy Traffic, Problem Run, morning , Heavy Traffic, Mechanical Problem, Problem Run, 
16-12-2015T00:00:00 - afternoon , Other, Heavy Traffic, Mechanical Problem, morning , Mechanical Problem, Heavy Traffic, Problem Run, 
17-12-2015T00:00:00 - afternoon , Other, Heavy Traffic, Problem Run, morning , Heavy Traffic, Other, Problem Run, 
18-12-2015T00:00:00 - afternoon , Problem Run, Late return from Field Trip, Other, afternoon , Other, Heavy Traffic, Mechanical Problem, 
21-12-2015T00:00:00 - morning , Weather Conditions, Heavy Traffic, Mechanical Problem, 
22-12-2015T00:00:00 - afternoon , Other, Heavy Traffic, Weather Conditions, morning , Heavy Traffic, Weather Conditions, Mechanical Problem, 
23-12-2015T00:00:00 - afternoon , Other, Flat Tire, Heavy Traffic, 
28-12-2015T00:00:00 - morning , Late return from Field Trip, Flat Tire, Delayed by School, 
04-01-2016T00:00:00 - afternoon , Other, Heavy Traffic, Mechanical Problem, morning , Won`t Start, Heavy Traffic, Other, 
05-01-2016T00:00:00 - afternoon , Other, Mechanical Problem, Heavy Traffic, morning , Mechanical Problem, Other, Flat Tire, 
06-01-2016T00:00:00 - afternoon , Other, Mechanical Problem, Heavy Traffic, morning , Heavy Traffic, Mechanical Problem, Flat Tire, 
07-01-2016T00:00:00 - afternoon , Other, Heavy Traffic, Mechanical Problem, morning , Heavy Traffic, Other, Won`t Start, 
08-01-2016T00:00:00 - morning , Late return from Field Trip, Delayed by School, Won`t Start, 
12-01-2016T00:00:00 - afternoon , Late return from Field Trip, Other, Delayed by School, morning , Won`t Start, Late return from Field Trip, Other, 
13-01-2016T00:00:00 - afternoon , Other, Mechanical Problem, Heavy Traffic, morning , Heavy Traffic, Mechanical Problem, Other, 
14-01-2016T00:00:00 - afternoon , Other, Heavy Traffic, Mechanical Problem, morning , Mechanical Problem, Heavy Traffic, Problem Run, 
15-01-2016T00:00:00 - afternoon , Other, Problem Run, Heavy Traffic, morning , Heavy Traffic, Other, Mechanical Problem, 
19-01-2016T00:00:00 - afternoon , Other, Weather Conditions, Heavy Traffic, morning , Weather Conditions, Mechanical Problem, Heavy Traffic, 
20-01-2016T00:00:00 - morning , Weather Conditions, Won`t Start, Mechanical Problem, 
21-01-2016T00:00:00 - afternoon , Other, Weather Conditions, Heavy Traffic, morning , Weather Conditions, Heavy Traffic, Won`t Start, 
22-01-2016T00:00:00 - morning , Weather Conditions, Heavy Traffic, Mechanical Problem, 
25-01-2016T00:00:00 - afternoon , Heavy Traffic, Other, Weather Conditions, morning , Weather Conditions, Late return from Field Trip, Won`t Start, 
26-01-2016T00:00:00 - afternoon , Other, Heavy Traffic, Late return from Field Trip, morning , Heavy Traffic, Mechanical Problem, Weather Conditions, 
27-01-2016T00:00:00 - afternoon , Other, Heavy Traffic, Mechanical Problem, morning , Heavy Traffic, Flat Tire, Other, 
28-01-2016T00:00:00 - afternoon , Other, Heavy Traffic, Mechanical Problem, morning , Mechanical Problem, Heavy Traffic, Problem Run, 
29-01-2016T00:00:00 - morning , Heavy Traffic, Other, Weather Conditions, 
01-02-2016T00:00:00 - afternoon , Other, Weather Conditions, Heavy Traffic, morning , Weather Conditions, Mechanical Problem, Heavy Traffic, 
02-02-2016T00:00:00 - morning , Weather Conditions, Mechanical Problem, Other, 
03-02-2016T00:00:00 - afternoon , Other, Heavy Traffic, Mechanical Problem, morning , Heavy Traffic, Flat Tire, Mechanical Problem, 
04-02-2016T00:00:00 - afternoon , Other, Heavy Traffic, Problem Run, morning , Weather Conditions, Other, Heavy Traffic, 
05-02-2016T00:00:00 - afternoon , Other, Problem Run, Heavy Traffic, morning , Other, Problem Run, Heavy Traffic, 
08-02-2016T00:00:00 - morning , Problem Run, Won`t Start, Late return from Field Trip, 
09-02-2016T00:00:00 - afternoon , Other, Heavy Traffic, Problem Run, morning , Mechanical Problem, Heavy Traffic, Problem Run, 
10-02-2016T00:00:00 - afternoon , Other, Heavy Traffic, Late return from Field Trip, morning , Heavy Traffic, Late return from Field Trip, Won`t Start, 
11-02-2016T00:00:00 - afternoon , Other, Heavy Traffic, Late return from Field Trip, morning , Won`t Start, Heavy Traffic, Late return from Field Trip, 
12-02-2016T00:00:00 - afternoon , Other, Problem Run, Heavy Traffic, 
15-02-2016T00:00:00 - morning , Problem Run, Late return from Field Trip, Flat Tire, 
22-02-2016T00:00:00 - afternoon , Other, Late return from Field Trip, Heavy Traffic, morning , Late return from Field Trip, Heavy Traffic, Mechanical Problem, 
23-02-2016T00:00:00 - afternoon , Other, Heavy Traffic, Problem Run, morning , Heavy Traffic, Problem Run, Flat Tire, 
24-02-2016T00:00:00 - afternoon , Other, Heavy Traffic, Problem Run, morning , Heavy Traffic, Problem Run, Flat Tire, 
25-02-2016T00:00:00 - afternoon , Other, Heavy Traffic, Problem Run, morning , Other, Heavy Traffic, Won`t Start, 
26-02-2016T00:00:00 - afternoon , Problem Run, Weather Conditions, Other, afternoon , Other, Heavy Traffic, Problem Run, 
29-02-2016T00:00:00 - morning , Heavy Traffic, Mechanical Problem, Problem Run, 
01-03-2016T00:00:00 - afternoon , Other, Mechanical Problem, Heavy Traffic, morning , Heavy Traffic, Mechanical Problem, Problem Run, 
02-03-2016T00:00:00 - afternoon , Other, Heavy Traffic, Problem Run, morning , Heavy Traffic, Problem Run, Flat Tire, 
03-03-2016T00:00:00 - afternoon , Other, Heavy Traffic, Problem Run, morning , Won`t Start, Heavy Traffic, Other, 
04-03-2016T00:00:00 - afternoon , Problem Run, Weather Conditions, Other, morning , Heavy Traffic, Problem Run, Mechanical Problem, 
07-03-2016T00:00:00 - morning , Weather Conditions, Problem Run, Mechanical Problem, 
08-03-2016T00:00:00 - morning , Weather Conditions, Problem Run, Mechanical Problem, 
09-03-2016T00:00:00 - afternoon , Weather Conditions, Other, Heavy Traffic, morning , Heavy Traffic, Other, Mechanical Problem, 
10-03-2016T00:00:00 - morning , Heavy Traffic, Accident, Other, 
11-03-2016T00:00:00 - afternoon , Other, Problem Run, Heavy Traffic, afternoon , Other, Heavy Traffic, Late return from Field Trip, 
14-03-2016T00:00:00 - morning , Heavy Traffic, Won`t Start, Other, 
15-03-2016T00:00:00 - afternoon , Other, Heavy Traffic, Flat Tire, morning , Mechanical Problem, Heavy Traffic, Other, 
16-03-2016T00:00:00 - afternoon , Other, Heavy Traffic, Late return from Field Trip, morning , Heavy Traffic, Flat Tire, Other, 
17-03-2016T00:00:00 - afternoon , Other, Flat Tire, Heavy Traffic, morning , Heavy Traffic, Flat Tire, Mechanical Problem, 
18-03-2016T00:00:00 - afternoon , Other, Problem Run, Heavy Traffic, morning , Heavy Traffic, Other, Weather Conditions, 
21-03-2016T00:00:00 - afternoon , Weather Conditions, Other, Mechanical Problem, morning , Weather Conditions, Other, Won`t Start, 
22-03-2016T00:00:00 - afternoon , Other, Weather Conditions, Heavy Traffic, morning , Heavy Traffic, Weather Conditions, Late return from Field Trip, 
23-03-2016T00:00:00 - afternoon , Other, Weather Conditions, Heavy Traffic, morning , Heavy Traffic, Weather Conditions, Mechanical Problem, 
24-03-2016T00:00:00 - afternoon , Other, Weather Conditions, Heavy Traffic, morning , Heavy Traffic, Weather Conditions, Other, 
28-03-2016T00:00:00 - morning , Heavy Traffic, Weather Conditions, Mechanical Problem, 
29-03-2016T00:00:00 - afternoon , Other, Weather Conditions, Heavy Traffic, morning , Weather Conditions, Won`t Start, Heavy Traffic, 
30-03-2016T00:00:00 - afternoon , Weather Conditions, Other, Heavy Traffic, morning , Weather Conditions, Heavy Traffic, Mechanical Problem, 
31-03-2016T00:00:00 - afternoon , Weather Conditions, Other, Heavy Traffic, morning , Weather Conditions, Won`t Start, Heavy Traffic, 
01-04-2016T00:00:00 - morning , Heavy Traffic, Other, Weather Conditions, 
04-04-2016T00:00:00 - afternoon , Other, Heavy Traffic, Mechanical Problem, morning , Heavy Traffic, Mechanical Problem, Flat Tire, 
05-04-2016T00:00:00 - afternoon , Other, Heavy Traffic, Late return from Field Trip, morning , Heavy Traffic, Late return from Field Trip, Won`t Start, 
06-04-2016T00:00:00 - afternoon , Other, Heavy Traffic, Late return from Field Trip, morning , Heavy Traffic, Other, Mechanical Problem, 
07-04-2016T00:00:00 - afternoon , Other, Heavy Traffic, Late return from Field Trip, morning , Heavy Traffic, Mechanical Problem, Late return from Field Trip, 
08-04-2016T00:00:00 - afternoon , Other, Problem Run, Heavy Traffic, afternoon , Other, Heavy Traffic, Mechanical Problem, 
11-04-2016T00:00:00 - morning , Heavy Traffic, Mechanical Problem, Won`t Start, 
12-04-2016T00:00:00 - afternoon , Other, Heavy Traffic, Won`t Start, morning , Heavy Traffic, Won`t Start, Other, 
13-04-2016T00:00:00 - afternoon , Heavy Traffic, Late return from Field Trip, Other, morning , Late return from Field Trip, Heavy Traffic, Won`t Start, 
14-04-2016T00:00:00 - afternoon , Other, Heavy Traffic, Late return from Field Trip, morning , Heavy Traffic, Other, Late return from Field Trip, 
15-04-2016T00:00:00 - afternoon , Other, Heavy Traffic, Late return from Field Trip, afternoon , Other, Heavy Traffic, Mechanical Problem, 
18-04-2016T00:00:00 - morning , Heavy Traffic, Mechanical Problem, Other, 
19-04-2016T00:00:00 - afternoon , Other, Heavy Traffic, Late return from Field Trip, morning , Heavy Traffic, Other, Mechanical Problem, 
20-04-2016T00:00:00 - afternoon , Heavy Traffic, Other, Late return from Field Trip, morning , Heavy Traffic, Late return from Field Trip, Won`t Start, 
21-04-2016T00:00:00 - afternoon , Other, Late return from Field Trip, Heavy Traffic, morning , Late return from Field Trip, Heavy Traffic, Won`t Start, 
22-04-2016T00:00:00 - afternoon , Other, Heavy Traffic, Late return from Field Trip, morning , Late return from Field Trip, Flat Tire, Delayed by School, 
02-05-2016T00:00:00 - afternoon , Other, Heavy Traffic, Won`t Start, morning , Heavy Traffic, Flat Tire, Won`t Start, 
03-05-2016T00:00:00 - afternoon , Other, Heavy Traffic, Late return from Field Trip, morning , Weather Conditions, Heavy Traffic, Other, 
04-05-2016T00:00:00 - afternoon , Heavy Traffic, Weather Conditions, Late return from Field Trip, morning , Heavy Traffic, Other, Weather Conditions, 
05-05-2016T00:00:00 - afternoon , Other, Weather Conditions, Heavy Traffic, morning , Weather Conditions, Heavy Traffic, Mechanical Problem, 
06-05-2016T00:00:00 - afternoon , Other, Flat Tire, Heavy Traffic, morning , Heavy Traffic, Mechanical Problem, Other, 
10-05-2016T00:00:00 - afternoon , Other, Heavy Traffic, Mechanical Problem, morning , Heavy Traffic, Late return from Field Trip, Mechanical Problem, 
11-05-2016T00:00:00 - afternoon , Other, Late return from Field Trip, Heavy Traffic, morning , Mechanical Problem, Heavy Traffic, Other, 
12-05-2016T00:00:00 - afternoon , Heavy Traffic, Late return from Field Trip, Other, morning , Heavy Traffic, Mechanical Problem, Other, 
13-05-2016T00:00:00 - afternoon , Other, Heavy Traffic, Late return from Field Trip, afternoon , Heavy Traffic, Other, Late return from Field Trip, 
16-05-2016T00:00:00 - morning , Heavy Traffic, Late return from Field Trip, Mechanical Problem, 
17-05-2016T00:00:00 - afternoon , Other, Heavy Traffic, Late return from Field Trip, morning , Heavy Traffic, Other, Late return from Field Trip, 
18-05-2016T00:00:00 - afternoon , Heavy Traffic, Late return from Field Trip, Other, morning , Heavy Traffic, Late return from Field Trip, Flat Tire, 
19-05-2016T00:00:00 - afternoon , Heavy Traffic, Late return from Field Trip, Other, morning , Late return from Field Trip, Heavy Traffic, Won`t Start, 
20-05-2016T00:00:00 - afternoon , Other, Heavy Traffic, Late return from Field Trip, afternoon , Other, Late return from Field Trip, Heavy Traffic, 
23-05-2016T00:00:00 - morning , Weather Conditions, Late return from Field Trip, Heavy Traffic, 
24-05-2016T00:00:00 - morning , Heavy Traffic, Weather Conditions, Won`t Start, 
25-05-2016T00:00:00 - afternoon , Weather Conditions, Other, Heavy Traffic, morning , Weather Conditions, Mechanical Problem, Heavy Traffic, 
26-05-2016T00:00:00 - afternoon , Weather Conditions, Other, Heavy Traffic, 
31-05-2016T00:00:00 - morning , Weather Conditions, Heavy Traffic, Won`t Start, 
01-06-2016T00:00:00 - afternoon , Heavy Traffic, Weather Conditions, Late return from Field Trip, morning , Heavy Traffic, Weather Conditions, Late return from Field Trip, 
02-06-2016T00:00:00 - morning , Heavy Traffic, Weather Conditions, Late return from Field Trip, 
03-06-2016T00:00:00 - afternoon , Other, Weather Conditions, Heavy Traffic, afternoon , Other, Late return from Field Trip, Heavy Traffic, 
06-06-2016T00:00:00 - morning , Heavy Traffic, Other, Late return from Field Trip, 
07-06-2016T00:00:00 - afternoon , Heavy Traffic, Late return from Field Trip, Other, morning , Late return from Field Trip, Heavy Traffic, Mechanical Problem, 
08-06-2016T00:00:00 - afternoon , Heavy Traffic, Other, Late return from Field Trip, morning , Late return from Field Trip, Heavy Traffic, Other, 
09-06-2016T00:00:00 - morning , Weather Conditions, Flat Tire, Problem Run, 
10-06-2016T00:00:00 - afternoon , Other, Late return from Field Trip, Heavy Traffic, afternoon , Late return from Field Trip, Other, Heavy Traffic, 
13-06-2016T00:00:00 - afternoon , Late return from Field Trip, Heavy Traffic, Mechanical Problem, 
14-06-2016T00:00:00 - morning , Late return from Field Trip, Heavy Traffic, Mechanical Problem, 
15-06-2016T00:00:00 - afternoon , Other, Mechanical Problem, Heavy Traffic, morning , Heavy Traffic, Mechanical Problem, Other, 
16-06-2016T00:00:00 - morning , Heavy Traffic, Mechanical Problem, Won`t Start, 
17-06-2016T00:00:00 - afternoon , Other, Heavy Traffic, Weather Conditions, morning , Heavy Traffic, Other, Mechanical Problem, 
20-06-2016T00:00:00 - afternoon , Other, Heavy Traffic, Mechanical Problem, morning , Mechanical Problem, Heavy Traffic, Other, 
21-06-2016T00:00:00 - afternoon , Other, Heavy Traffic, Mechanical Problem, morning , Mechanical Problem, Heavy Traffic, Other, 
22-06-2016T00:00:00 - afternoon , Heavy Traffic, Mechanical Problem, Other, morning , Heavy Traffic, Mechanical Problem, Flat Tire, 
23-06-2016T00:00:00 - afternoon , Heavy Traffic, Other, Mechanical Problem, morning , Heavy Traffic, Other, Won`t Start, 
24-06-2016T00:00:00 - afternoon , Other, Heavy Traffic, Mechanical Problem, afternoon , Other, Heavy Traffic, Mechanical Problem, 
27-06-2016T00:00:00 - morning , Won`t Start, Heavy Traffic, Mechanical Problem, 
28-06-2016T00:00:00 - afternoon , Other, Mechanical Problem, Heavy Traffic, morning , Late return from Field Trip, Problem Run, Heavy Traffic, 
29-06-2016T00:00:00 - morning , Late return from Field Trip, Problem Run, Heavy Traffic, 
30-06-2016T00:00:00 - morning , Heavy Traffic, Mechanical Problem, Flat Tire, 
05-07-2016T00:00:00 - morning , Heavy Traffic, Weather Conditions, Mechanical Problem, 
06-07-2016T00:00:00 - morning , Weather Conditions, Won`t Start, Mechanical Problem, 
07-07-2016T00:00:00 - afternoon , Heavy Traffic, Other, Won`t Start, morning , Heavy Traffic, Weather Conditions, Other, 
08-07-2016T00:00:00 - morning , Other, Heavy Traffic, Mechanical Problem, 
11-07-2016T00:00:00 - afternoon , Other, Heavy Traffic, Weather Conditions, morning , Heavy Traffic, Won`t Start, Weather Conditions, 
12-07-2016T00:00:00 - afternoon , Other, Heavy Traffic, Weather Conditions, morning , Heavy Traffic, Other, Weather Conditions, 
13-07-2016T00:00:00 - afternoon , Other, Heavy Traffic, Weather Conditions, morning , Heavy Traffic, Won`t Start, Weather Conditions, 
14-07-2016T00:00:00 - afternoon , Other, Heavy Traffic, Weather Conditions, morning , Heavy Traffic, Weather Conditions, Won`t Start, 
15-07-2016T00:00:00 - morning , Heavy Traffic, Problem Run, Other, 
18-07-2016T00:00:00 - morning , Heavy Traffic, Other, Weather Conditions, 
19-07-2016T00:00:00 - afternoon , Other, Heavy Traffic, Weather Conditions, morning , Heavy Traffic, Mechanical Problem, Weather Conditions, 
20-07-2016T00:00:00 - afternoon , Other, Weather Conditions, Heavy Traffic, morning , Won`t Start, Weather Conditions, Heavy Traffic, 
21-07-2016T00:00:00 - morning , Heavy Traffic, Other, Weather Conditions, 
22-07-2016T00:00:00 - morning , Heavy Traffic, Other, Mechanical Problem, 
25-07-2016T00:00:00 - afternoon , Other, Heavy Traffic, Won`t Start, morning , Mechanical Problem, Heavy Traffic, Other, 
26-07-2016T00:00:00 - afternoon , Heavy Traffic, Other, Mechanical Problem, morning , Mechanical Problem, Heavy Traffic, Other, 
27-07-2016T00:00:00 - afternoon , Other, Problem Run, Heavy Traffic, morning , Flat Tire, Problem Run, Heavy Traffic, 
28-07-2016T00:00:00 - afternoon , Other, Heavy Traffic, Mechanical Problem, morning , Heavy Traffic, Mechanical Problem, Won`t Start, 
29-07-2016T00:00:00 - afternoon , Other, Weather Conditions, Heavy Traffic, 
01-08-2016T00:00:00 - morning , Weather Conditions, Other, Flat Tire, 
02-08-2016T00:00:00 - afternoon , Weather Conditions, Other, Heavy Traffic, morning , Weather Conditions, Other, Mechanical Problem, 
03-08-2016T00:00:00 - afternoon , Weather Conditions, Other, Heavy Traffic, morning , Weather Conditions, Heavy Traffic, Won`t Start, 
04-08-2016T00:00:00 - morning , Weather Conditions, Mechanical Problem, Won`t Start, 
05-08-2016T00:00:00 - morning , Heavy Traffic, Weather Conditions, Other, 
08-08-2016T00:00:00 - afternoon , Weather Conditions, Other, Heavy Traffic, morning , Weather Conditions, Other, Won`t Start, 
09-08-2016T00:00:00 - morning , Heavy Traffic, Other, Flat Tire, 
10-08-2016T00:00:00 - morning , Heavy Traffic, Mechanical Problem, Weather Conditions, 
11-08-2016T00:00:00 - afternoon , Other, Heavy Traffic, Weather Conditions, morning , Heavy Traffic, Weather Conditions, Mechanical Problem, 
12-08-2016T00:00:00 - afternoon , Other, Heavy Traffic, Won`t Start, afternoon , Other, Heavy Traffic, Weather Conditions, 
22-08-2016T00:00:00 - morning , Heavy Traffic, Late return from Field Trip, Weather Conditions, 
31-08-2016T00:00:00 - morning , Late return from Field Trip, Weather Conditions, Heavy Traffic, 
02-09-2016T00:00:00 - morning , Late return from Field Trip, Weather Conditions, Flat Tire, 
06-09-2016T00:00:00 - morning , Flat Tire, Late return from Field Trip, Weather Conditions, 
07-09-2016T00:00:00 - morning , Flat Tire, Mechanical Problem, Weather Conditions, 
08-09-2016T00:00:00 - afternoon , Other, Heavy Traffic, Mechanical Problem, morning , Heavy Traffic, Won`t Start, Mechanical Problem, 
09-09-2016T00:00:00 - afternoon , Other, Heavy Traffic, Mechanical Problem, morning , Heavy Traffic, Other, Mechanical Problem, 
12-09-2016T00:00:00 - morning , Flat Tire, Delayed by School, Other, 
13-09-2016T00:00:00 - afternoon , Other, Heavy Traffic, Mechanical Problem, morning , Mechanical Problem, Heavy Traffic, Other, 
14-09-2016T00:00:00 - morning , Heavy Traffic, Other, Problem Run, 
15-09-2016T00:00:00 - afternoon , Other, Problem Run, Heavy Traffic, morning , Mechanical Problem, Problem Run, Heavy Traffic, 
16-09-2016T00:00:00 - afternoon , Other, Problem Run, Heavy Traffic, morning , Heavy Traffic, Weather Conditions, Mechanical Problem, 
19-09-2016T00:00:00 - morning , Heavy Traffic, Mechanical Problem, Problem Run, 
20-09-2016T00:00:00 - afternoon , Other, Problem Run, Heavy Traffic, morning , Heavy Traffic, Other, Flat Tire, 
21-09-2016T00:00:00 - afternoon , Heavy Traffic, Problem Run, Other, morning , Heavy Traffic, Won`t Start, Other, 
22-09-2016T00:00:00 - afternoon , Other, Heavy Traffic, Problem Run, morning , Mechanical Problem, Heavy Traffic, Other, 
23-09-2016T00:00:00 - afternoon , Other, Problem Run, Heavy Traffic, morning , Heavy Traffic, Weather Conditions, Other, 
26-09-2016T00:00:00 - afternoon , Weather Conditions, Other, Heavy Traffic, morning , Weather Conditions, Heavy Traffic, Flat Tire, 
27-09-2016T00:00:00 - afternoon , Other, Heavy Traffic, Problem Run, morning , Heavy Traffic, Weather Conditions, Flat Tire, 
28-09-2016T00:00:00 - afternoon , Other, Problem Run, Heavy Traffic, morning , Heavy Traffic, Problem Run, Other, 
29-09-2016T00:00:00 - afternoon , Other, Heavy Traffic, Problem Run, morning , Heavy Traffic, Problem Run, Mechanical Problem, 
30-09-2016T00:00:00 - afternoon , Other, Problem Run, Heavy Traffic, morning , Won`t Start, Delayed by School, Other, 
04-10-2016T00:00:00 - morning , Won`t Start, Flat Tire, Delayed by School, 
05-10-2016T00:00:00 - afternoon , Other, Heavy Traffic, Problem Run, morning , Heavy Traffic, Won`t Start, Mechanical Problem, 
06-10-2016T00:00:00 - afternoon , Other, Heavy Traffic, Problem Run, morning , Heavy Traffic, Mechanical Problem, Other, 
07-10-2016T00:00:00 - afternoon , Other, Heavy Traffic, Problem Run, afternoon , Other, Problem Run, Heavy Traffic, 
11-10-2016T00:00:00 - morning , Mechanical Problem, Accident, Other, 
12-10-2016T00:00:00 - afternoon , Accident, Other, Mechanical Problem, morning , Flat Tire, Accident, Other, 
13-10-2016T00:00:00 - afternoon , Other, Heavy Traffic, Problem Run, morning , Heavy Traffic, Problem Run, Flat Tire, 
14-10-2016T00:00:00 - afternoon , Other, Problem Run, Heavy Traffic, morning , Heavy Traffic, Other, Mechanical Problem, 
17-10-2016T00:00:00 - morning , Mechanical Problem, Problem Run, Late return from Field Trip, 
18-10-2016T00:00:00 - morning , Mechanical Problem, Heavy Traffic, Won`t Start, 
19-10-2016T00:00:00 - afternoon , Other, Heavy Traffic, Problem Run, morning , Heavy Traffic, Problem Run, Mechanical Problem, 
20-10-2016T00:00:00 - afternoon , Other, Heavy Traffic, Mechanical Problem, morning , Heavy Traffic, Other, Flat Tire, 
21-10-2016T00:00:00 - afternoon , Other, Problem Run, Heavy Traffic, morning , Heavy Traffic, Other, Mechanical Problem, 
24-10-2016T00:00:00 - afternoon , Other, Problem Run, Heavy Traffic, morning , Mechanical Problem, Heavy Traffic, Other, 
25-10-2016T00:00:00 - afternoon , Other, Heavy Traffic, Weather Conditions, morning , Heavy Traffic, Won`t Start, Weather Conditions, 
26-10-2016T00:00:00 - afternoon , Other, Won`t Start, Heavy Traffic, morning , Heavy Traffic, Weather Conditions, Won`t Start, 
27-10-2016T00:00:00 - afternoon , Other, Heavy Traffic, Mechanical Problem, morning , Heavy Traffic, Flat Tire, Mechanical Problem, 
28-10-2016T00:00:00 - afternoon , Other, Problem Run, Heavy Traffic, afternoon , Other, Heavy Traffic, Won`t Start, 
31-10-2016T00:00:00 - morning , Heavy Traffic, Other, Mechanical Problem, 
01-11-2016T00:00:00 - afternoon , Other, Heavy Traffic, Mechanical Problem, morning , Other, Heavy Traffic, Flat Tire, 
02-11-2016T00:00:00 - afternoon , Other, Heavy Traffic, Late return from Field Trip, morning , Heavy Traffic, Won`t Start, Late return from Field Trip, 
03-11-2016T00:00:00 - afternoon , Other, Problem Run, Heavy Traffic, morning , Heavy Traffic, Late return from Field Trip, Flat Tire, 
04-11-2016T00:00:00 - afternoon , Other, Problem Run, Heavy Traffic, afternoon , Other, Heavy Traffic, Mechanical Problem, 
07-11-2016T00:00:00 - morning , Heavy Traffic, Flat Tire, Won`t Start, 
09-11-2016T00:00:00 - afternoon , Other, Heavy Traffic, Mechanical Problem, morning , Heavy Traffic, Won`t Start, Mechanical Problem, 
10-11-2016T00:00:00 - afternoon , Other, Problem Run, Heavy Traffic, afternoon , Other, Heavy Traffic, Mechanical Problem, 
14-11-2016T00:00:00 - morning , Weather Conditions, Other, Heavy Traffic, 
15-11-2016T00:00:00 - afternoon , Other, Heavy Traffic, Mechanical Problem, morning , Heavy Traffic, Mechanical Problem, Flat Tire, 
16-11-2016T00:00:00 - afternoon , Other, Heavy Traffic, Won`t Start, morning , Heavy Traffic, Other, Mechanical Problem, 
17-11-2016T00:00:00 - morning , Heavy Traffic, Other, Flat Tire, 
18-11-2016T00:00:00 - afternoon , Other, Heavy Traffic, Mechanical Problem, 
21-11-2016T00:00:00 - morning , Mechanical Problem, Heavy Traffic, Problem Run, 
22-11-2016T00:00:00 - morning , Heavy Traffic, Won`t Start, Mechanical Problem, 
23-11-2016T00:00:00 - afternoon , Other, Problem Run, Heavy Traffic, morning , Heavy Traffic, Other, Mechanical Problem, 
28-11-2016T00:00:00 - afternoon , Other, Mechanical Problem, Heavy Traffic, morning , Mechanical Problem, Heavy Traffic, Won`t Start, 
29-11-2016T00:00:00 - afternoon , Other, Heavy Traffic, Late return from Field Trip, morning , Heavy Traffic, Late return from Field Trip, Flat Tire, 
30-11-2016T00:00:00 - afternoon , Other, Late return from Field Trip, Heavy Traffic, morning , Late return from Field Trip, Mechanical Problem, Heavy Traffic, 
01-12-2016T00:00:00 - afternoon , Other, Heavy Traffic, Mechanical Problem, morning , Heavy Traffic, Mechanical Problem, Flat Tire, 
02-12-2016T00:00:00 - afternoon , Weather Conditions, Other, Heavy Traffic, 
05-12-2016T00:00:00 - morning , Heavy Traffic, Weather Conditions, Mechanical Problem, 
06-12-2016T00:00:00 - afternoon , Weather Conditions, Other, Heavy Traffic, morning , Weather Conditions, Heavy Traffic, Flat Tire, 
07-12-2016T00:00:00 - afternoon , Weather Conditions, Other, Heavy Traffic, morning , Heavy Traffic, Weather Conditions, Mechanical Problem, 
08-12-2016T00:00:00 - afternoon , Weather Conditions, Heavy Traffic, Other, morning , Weather Conditions, Mechanical Problem, Heavy Traffic, 
09-12-2016T00:00:00 - afternoon , Other, Heavy Traffic, Weather Conditions, morning , Heavy Traffic, Weather Conditions, Mechanical Problem, 
12-12-2016T00:00:00 - afternoon , Other, Heavy Traffic, Mechanical Problem, morning , Mechanical Problem, Heavy Traffic, Other, 
13-12-2016T00:00:00 - afternoon , Heavy Traffic, Other, Mechanical Problem, morning , Heavy Traffic, Mechanical Problem, Other, 
14-12-2016T00:00:00 - afternoon , Heavy Traffic, Other, Mechanical Problem, morning , Mechanical Problem, Heavy Traffic, Late return from Field Trip, 
15-12-2016T00:00:00 - afternoon , Other, Heavy Traffic, Mechanical Problem, morning , Heavy Traffic, Won`t Start, Mechanical Problem, 
16-12-2016T00:00:00 - afternoon , Other, Weather Conditions, Heavy Traffic, morning , Heavy Traffic, Other, Mechanical Problem, 
19-12-2016T00:00:00 - afternoon , Other, Heavy Traffic, Mechanical Problem, morning , Heavy Traffic, Won`t Start, Other, 
20-12-2016T00:00:00 - morning , Heavy Traffic, Late return from Field Trip, Flat Tire, 
21-12-2016T00:00:00 - morning , Heavy Traffic, Other, Mechanical Problem, 
22-12-2016T00:00:00 - afternoon , Other, Heavy Traffic, Mechanical Problem, morning , Heavy Traffic, Mechanical Problem, Other, 
23-12-2016T00:00:00 - afternoon , Other, Heavy Traffic, Problem Run, morning , Mechanical Problem, Late return from Field Trip, Won`t Start, 
03-01-2017T00:00:00 - afternoon , Other, Late return from Field Trip, Heavy Traffic, morning , Mechanical Problem, Late return from Field Trip, Heavy Traffic, 
04-01-2017T00:00:00 - afternoon , Other, Heavy Traffic, Mechanical Problem, morning , Heavy Traffic, Mechanical Problem, Flat Tire, 
05-01-2017T00:00:00 - afternoon , Other, Heavy Traffic, Mechanical Problem, morning , Heavy Traffic, Mechanical Problem, Won`t Start, 
06-01-2017T00:00:00 - afternoon , Weather Conditions, Problem Run, Other, morning , Heavy Traffic, Weather Conditions, Mechanical Problem, 
09-01-2017T00:00:00 - morning , Mechanical Problem, Won`t Start, Heavy Traffic, 
10-01-2017T00:00:00 - afternoon , Other, Heavy Traffic, Mechanical Problem, morning , Mechanical Problem, Heavy Traffic, Other, 
11-01-2017T00:00:00 - afternoon , Other, Heavy Traffic, Mechanical Problem, morning , Heavy Traffic, Flat Tire, Other, 
12-01-2017T00:00:00 - afternoon , Other, Heavy Traffic, Mechanical Problem, morning , Heavy Traffic, Mechanical Problem, Other, 
13-01-2017T00:00:00 - afternoon , Other, Weather Conditions, Heavy Traffic, afternoon , Other, Heavy Traffic, Won`t Start, 
17-01-2017T00:00:00 - morning , Heavy Traffic, Won`t Start, Flat Tire, 
18-01-2017T00:00:00 - afternoon , Other, Heavy Traffic, Mechanical Problem, morning , Heavy Traffic, Other, Mechanical Problem, 
19-01-2017T00:00:00 - afternoon , Other, Mechanical Problem, Heavy Traffic, morning , Flat Tire, Mechanical Problem, Heavy Traffic, 
20-01-2017T00:00:00 - afternoon , Other, Problem Run, Heavy Traffic, morning , Heavy Traffic, Other, Mechanical Problem, 
23-01-2017T00:00:00 - afternoon , Other, Heavy Traffic, Mechanical Problem, morning , Other, Weather Conditions, Heavy Traffic, 
24-01-2017T00:00:00 - afternoon , Other, Heavy Traffic, Mechanical Problem, morning , Heavy Traffic, Flat Tire, Mechanical Problem, 
25-01-2017T00:00:00 - morning , Heavy Traffic, Mechanical Problem, Other, 
26-01-2017T00:00:00 - afternoon , Other, Heavy Traffic, Won`t Start, morning , Heavy Traffic, Mechanical Problem, Other, 
27-01-2017T00:00:00 - afternoon , Other, Heavy Traffic, Mechanical Problem, 
30-01-2017T00:00:00 - morning , Heavy Traffic, Mechanical Problem, Flat Tire, 
31-01-2017T00:00:00 - afternoon , Other, Heavy Traffic, Mechanical Problem, morning , Heavy Traffic, Other, Mechanical Problem, 
01-02-2017T00:00:00 - afternoon , Other, Heavy Traffic, Won`t Start, morning , Heavy Traffic, Other, Mechanical Problem, 
02-02-2017T00:00:00 - afternoon , Other, Heavy Traffic, Mechanical Problem, morning , Heavy Traffic, Mechanical Problem, Flat Tire, 
03-02-2017T00:00:00 - afternoon , Other, Heavy Traffic, Problem Run, afternoon , Other, Heavy Traffic, Won`t Start, 
06-02-2017T00:00:00 - morning , Heavy Traffic, Won`t Start, Other, 
07-02-2017T00:00:00 - afternoon , Other, Heavy Traffic, Mechanical Problem, morning , Heavy Traffic, Mechanical Problem, Flat Tire, 
08-02-2017T00:00:00 - afternoon , Other, Heavy Traffic, Mechanical Problem, morning , Heavy Traffic, Won`t Start, Other, 
10-02-2017T00:00:00 - afternoon , Other, Heavy Traffic, Problem Run, morning , Heavy Traffic, Other, Mechanical Problem, 
13-02-2017T00:00:00 - afternoon , Other, Heavy Traffic, Mechanical Problem, morning , Heavy Traffic, Other, Mechanical Problem, 
14-02-2017T00:00:00 - morning , Heavy Traffic, Other, Mechanical Problem, 
15-02-2017T00:00:00 - afternoon , Other, Heavy Traffic, Won`t Start, morning , Heavy Traffic, Won`t Start, Other, 
16-02-2017T00:00:00 - afternoon , Other, Heavy Traffic, Late return from Field Trip, morning , Heavy Traffic, Mechanical Problem, Other, 
17-02-2017T00:00:00 - afternoon , Other, Heavy Traffic, Mechanical Problem, morning , Late return from Field Trip, Delayed by School, Heavy Traffic, 
24-02-2017T00:00:00 - morning , Late return from Field Trip, Flat Tire, Delayed by School, 
27-02-2017T00:00:00 - afternoon , Other, Heavy Traffic, Mechanical Problem, morning , Mechanical Problem, Heavy Traffic, Other, 
28-02-2017T00:00:00 - afternoon , Other, Heavy Traffic, Mechanical Problem, morning , Heavy Traffic, Other, Mechanical Problem, 
01-03-2017T00:00:00 - afternoon , Other, Heavy Traffic, Mechanical Problem, morning , Heavy Traffic, Mechanical Problem, Flat Tire, 
02-03-2017T00:00:00 - afternoon , Other, Heavy Traffic, Mechanical Problem, morning , Heavy Traffic, Flat Tire, Mechanical Problem, 
03-03-2017T00:00:00 - afternoon , Other, Heavy Traffic, Delayed by School, morning , Heavy Traffic, Other, Mechanical Problem, 
06-03-2017T00:00:00 - afternoon , Other, Heavy Traffic, Mechanical Problem, morning , Heavy Traffic, Mechanical Problem, Delayed by School, 
07-03-2017T00:00:00 - afternoon , Other, Heavy Traffic, Mechanical Problem, morning , Heavy Traffic, Won`t Start, Mechanical Problem, 
08-03-2017T00:00:00 - afternoon , Other, Heavy Traffic, Mechanical Problem, morning , Heavy Traffic, Won`t Start, Mechanical Problem, 
09-03-2017T00:00:00 - afternoon , Other, Heavy Traffic, Late return from Field Trip, morning , Heavy Traffic, Late return from Field Trip, Flat Tire, 
10-03-2017T00:00:00 - afternoon , Other, Heavy Traffic, Late return from Field Trip, afternoon , Heavy Traffic, Other, Mechanical Problem, 
13-03-2017T00:00:00 - morning , Heavy Traffic, Won`t Start, Mechanical Problem, 
15-03-2017T00:00:00 - afternoon , Other, Heavy Traffic, Mechanical Problem, morning , Heavy Traffic, Won`t Start, Other, 
16-03-2017T00:00:00 - afternoon , Other, Heavy Traffic, Mechanical Problem, morning , Heavy Traffic, Flat Tire, Other, 
17-03-2017T00:00:00 - afternoon , Other, Heavy Traffic, Late return from Field Trip, morning , Heavy Traffic, Mechanical Problem, Other, 
20-03-2017T00:00:00 - afternoon , Other, Heavy Traffic, Weather Conditions, morning , Heavy Traffic, Won`t Start, Weather Conditions, 
21-03-2017T00:00:00 - morning , Heavy Traffic, Mechanical Problem, Other, 
22-03-2017T00:00:00 - afternoon , Other, Heavy Traffic, Mechanical Problem, morning , Heavy Traffic, Mechanical Problem, Flat Tire, 
23-03-2017T00:00:00 - morning , Heavy Traffic, Won`t Start, Other, 
24-03-2017T00:00:00 - afternoon , Other, Heavy Traffic, Problem Run, morning , Heavy Traffic, Other, Mechanical Problem, 
27-03-2017T00:00:00 - afternoon , Heavy Traffic, Mechanical Problem, Other, morning , Heavy Traffic, Won`t Start, Mechanical Problem, 
28-03-2017T00:00:00 - afternoon , Other, Late return from Field Trip, Heavy Traffic, morning , Mechanical Problem, Late return from Field Trip, Heavy Traffic, 
29-03-2017T00:00:00 - morning , Heavy Traffic, Late return from Field Trip, Flat Tire, 
30-03-2017T00:00:00 - morning , Heavy Traffic, Weather Conditions, Late return from Field Trip, 
31-03-2017T00:00:00 - afternoon , Other, Heavy Traffic, Late return from Field Trip, afternoon , Late return from Field Trip, Other, Heavy Traffic, 
03-04-2017T00:00:00 - morning , Late return from Field Trip, Heavy Traffic, Flat Tire, 
04-04-2017T00:00:00 - afternoon , Other, Heavy Traffic, Weather Conditions, morning , Mechanical Problem, Heavy Traffic, Weather Conditions, 
05-04-2017T00:00:00 - morning , Heavy Traffic, Mechanical Problem, Late return from Field Trip, 
06-04-2017T00:00:00 - afternoon , Heavy Traffic, Mechanical Problem, Late return from Field Trip, morning , Heavy Traffic, Mechanical Problem, Late return from Field Trip, 
07-04-2017T00:00:00 - afternoon , Other, Heavy Traffic, Late return from Field Trip, 
10-04-2017T00:00:00 - morning , Late return from Field Trip, Heavy Traffic, Delayed by School, 
17-04-2017T00:00:00 - morning , Late return from Field Trip, Heavy Traffic, Flat Tire, 
19-04-2017T00:00:00 - morning , Heavy Traffic, Flat Tire, Other, 
20-04-2017T00:00:00 - afternoon , Other, Heavy Traffic, Mechanical Problem, morning , Heavy Traffic, Mechanical Problem, Flat Tire, 
21-04-2017T00:00:00 - afternoon , Other, Heavy Traffic, Late return from Field Trip, morning , Heavy Traffic, Other, Mechanical Problem, 
24-04-2017T00:00:00 - morning , Heavy Traffic, Flat Tire, Other, 
25-04-2017T00:00:00 - morning , Heavy Traffic, Weather Conditions, Mechanical Problem, 
26-04-2017T00:00:00 - afternoon , Weather Conditions, Other, Heavy Traffic, morning , Heavy Traffic, Other, Mechanical Problem, 
27-04-2017T00:00:00 - afternoon , Heavy Traffic, Won`t Start, Other, morning , Heavy Traffic, Mechanical Problem, Won`t Start, 
28-04-2017T00:00:00 - afternoon , Other, Heavy Traffic, Weather Conditions, afternoon , Weather Conditions, Other, Heavy Traffic, 
01-05-2017T00:00:00 - morning , Mechanical Problem, Heavy Traffic, Won`t Start, 
02-05-2017T00:00:00 - morning , Heavy Traffic, Mechanical Problem, Late return from Field Trip, 
03-05-2017T00:00:00 - morning , Heavy Traffic, Late return from Field Trip, Flat Tire, 
04-05-2017T00:00:00 - morning , Heavy Traffic, Late return from Field Trip, Other, 
05-05-2017T00:00:00 - afternoon , Other, Heavy Traffic, Weather Conditions, afternoon , Other, Heavy Traffic, Weather Conditions, 
08-05-2017T00:00:00 - morning , Heavy Traffic, Weather Conditions, Flat Tire, 
09-05-2017T00:00:00 - afternoon , Other, Heavy Traffic, Weather Conditions, morning , Heavy Traffic, Weather Conditions, Other, 
10-05-2017T00:00:00 - morning , Heavy Traffic, Weather Conditions, Mechanical Problem, 
11-05-2017T00:00:00 - afternoon , Heavy Traffic, Other, Late return from Field Trip, morning , Heavy Traffic, Other, Late return from Field Trip, 
12-05-2017T00:00:00 - afternoon , Other, Heavy Traffic, Late return from Field Trip, morning , Heavy Traffic, Weather Conditions, Won`t Start, 
16-05-2017T00:00:00 - morning , Heavy Traffic, Mechanical Problem, Weather Conditions, 
17-05-2017T00:00:00 - afternoon , Heavy Traffic, Other, Late return from Field Trip, morning , Heavy Traffic, Mechanical Problem, Late return from Field Trip, 
18-05-2017T00:00:00 - afternoon , Heavy Traffic, Late return from Field Trip, Mechanical Problem, morning , Heavy Traffic, Mechanical Problem, Other, 
19-05-2017T00:00:00 - afternoon , Other, Heavy Traffic, Late return from Field Trip, afternoon , Heavy Traffic, Other, Mechanical Problem, 
22-05-2017T00:00:00 - morning , Heavy Traffic, Other, Mechanical Problem, 
23-05-2017T00:00:00 - morning , Heavy Traffic, Mechanical Problem, Weather Conditions, 
24-05-2017T00:00:00 - morning , Heavy Traffic, Late return from Field Trip, Won`t Start, 
25-05-2017T00:00:00 - afternoon , Heavy Traffic, Late return from Field Trip, Other, afternoon , Other, Heavy Traffic, Weather Conditions, 
26-05-2017T00:00:00 - afternoon , Heavy Traffic, Other, Late return from Field Trip, 
30-05-2017T00:00:00 - morning , Heavy Traffic, Weather Conditions, Late return from Field Trip, 
31-05-2017T00:00:00 - afternoon , Heavy Traffic, Late return from Field Trip, Other, afternoon , Other, Heavy Traffic, Late return from Field Trip, 
02-06-2017T00:00:00 - morning , Heavy Traffic, Other, Mechanical Problem, 
06-06-2017T00:00:00 - morning , Heavy Traffic, Late return from Field Trip, Flat Tire, 
07-06-2017T00:00:00 - afternoon , Heavy Traffic, Other, Late return from Field Trip, morning , Heavy Traffic, Flat Tire, Weather Conditions, 
09-06-2017T00:00:00 - afternoon , Other, Heavy Traffic, Late return from Field Trip, afternoon , Late return from Field Trip, Heavy Traffic, Other, 
12-06-2017T00:00:00 - morning , Late return from Field Trip, Heavy Traffic, Flat Tire, 
13-06-2017T00:00:00 - afternoon , Late return from Field Trip, Heavy Traffic, Other, morning , Late return from Field Trip, Heavy Traffic, Mechanical Problem, 
14-06-2017T00:00:00 - afternoon , Heavy Traffic, Mechanical Problem, Other, morning , Heavy Traffic, Mechanical Problem, Won`t Start, 
15-06-2017T00:00:00 - morning , Heavy Traffic, Mechanical Problem, Won`t Start, 
16-06-2017T00:00:00 - afternoon , Other, Heavy Traffic, Late return from Field Trip, morning , Heavy Traffic, Other, Mechanical Problem, 
19-06-2017T00:00:00 - afternoon , Heavy Traffic, Mechanical Problem, Other, morning , Heavy Traffic, Other, Mechanical Problem, 
20-06-2017T00:00:00 - afternoon , Heavy Traffic, Mechanical Problem, Other, morning , Heavy Traffic, Mechanical Problem, Flat Tire, 
21-06-2017T00:00:00 - morning , Heavy Traffic, Mechanical Problem, Won`t Start, 
22-06-2017T00:00:00 - afternoon , Heavy Traffic, Mechanical Problem, Other, morning , Heavy Traffic, Mechanical Problem, Won`t Start, 
23-06-2017T00:00:00 - afternoon , Other, Heavy Traffic, Flat Tire, morning , Won`t Start, Late return from Field Trip, Flat Tire, 
27-06-2017T00:00:00 - morning , Heavy Traffic, Late return from Field Trip, Mechanical Problem, 
28-06-2017T00:00:00 - morning , Heavy Traffic, Other, Mechanical Problem, 
03-07-2017T00:00:00 - morning , Mechanical Problem, Won`t Start, Late return from Field Trip, 
05-07-2017T00:00:00 - afternoon , Other, Heavy Traffic, Late return from Field Trip, morning , Heavy Traffic, Other, Late return from Field Trip, 
06-07-2017T00:00:00 - afternoon , Other, Heavy Traffic, Late return from Field Trip, morning , Heavy Traffic, Other, Late return from Field Trip, 
07-07-2017T00:00:00 - afternoon , Other, Late return from Field Trip, Heavy Traffic, morning , Heavy Traffic, Other, Mechanical Problem, 
10-07-2017T00:00:00 - afternoon , Other, Heavy Traffic, Late return from Field Trip, morning , Heavy Traffic, Mechanical Problem, Late return from Field Trip, 
11-07-2017T00:00:00 - afternoon , Other, Heavy Traffic, Late return from Field Trip, morning , Heavy Traffic, Mechanical Problem, Weather Conditions, 
12-07-2017T00:00:00 - afternoon , Other, Heavy Traffic, Mechanical Problem, morning , Mechanical Problem, Heavy Traffic, Other, 
13-07-2017T00:00:00 - afternoon , Other, Won`t Start, Heavy Traffic, morning , Heavy Traffic, Flat Tire, Mechanical Problem, 
14-07-2017T00:00:00 - afternoon , Other, Flat Tire, Heavy Traffic, afternoon , Other, Heavy Traffic, Won`t Start, 
17-07-2017T00:00:00 - morning , Mechanical Problem, Other, Heavy Traffic, 
18-07-2017T00:00:00 - afternoon , Other, Won`t Start, Heavy Traffic, morning , Mechanical Problem, Heavy Traffic, Won`t Start, 
19-07-2017T00:00:00 - afternoon , Other, Mechanical Problem, Heavy Traffic, morning , Mechanical Problem, Other, Heavy Traffic, 
20-07-2017T00:00:00 - afternoon , Other, Heavy Traffic, Late return from Field Trip, morning , Other, Heavy Traffic, Mechanical Problem, 
21-07-2017T00:00:00 - afternoon , Problem Run, Mechanical Problem, Other, morning , Heavy Traffic, Other, Weather Conditions, 
24-07-2017T00:00:00 - afternoon , Other, Weather Conditions, Heavy Traffic, morning , Weather Conditions, Heavy Traffic, Flat Tire, 
25-07-2017T00:00:00 - morning , Weather Conditions, Heavy Traffic, Mechanical Problem, 
26-07-2017T00:00:00 - afternoon , Weather Conditions, Other, Heavy Traffic, morning , Weather Conditions, Heavy Traffic, Mechanical Problem, 
27-07-2017T00:00:00 - morning , Weather Conditions, Won`t Start, Other, 
28-07-2017T00:00:00 - afternoon , Other, Weather Conditions, Heavy Traffic, afternoon , Other, Weather Conditions, Heavy Traffic, 
31-07-2017T00:00:00 - morning , Weather Conditions, Heavy Traffic, Flat Tire, 
01-08-2017T00:00:00 - morning , Weather Conditions, Flat Tire, Mechanical Problem, 
02-08-2017T00:00:00 - afternoon , Weather Conditions, Heavy Traffic, Other, morning , Heavy Traffic, Weather Conditions, Mechanical Problem, 
03-08-2017T00:00:00 - afternoon , Other, Weather Conditions, Heavy Traffic, morning , Heavy Traffic, Won`t Start, Mechanical Problem, 
04-08-2017T00:00:00 - afternoon , Other, Flat Tire, Heavy Traffic, afternoon , Other, Late return from Field Trip, Heavy Traffic, 
07-08-2017T00:00:00 - morning , Late return from Field Trip, Problem Run, Flat Tire, 
05-09-2017T00:00:00 - morning , Other, Late return from Field Trip, Mechanical Problem, 
06-09-2017T00:00:00 - morning , Won`t Start, Late return from Field Trip, Mechanical Problem, 
07-09-2017T00:00:00 - morning , Heavy Traffic, Mechanical Problem, Late return from Field Trip, 
08-09-2017T00:00:00 - afternoon , Other, Heavy Traffic, Flat Tire, morning , Mechanical Problem, Heavy Traffic, Flat Tire, 
11-09-2017T00:00:00 - morning , Heavy Traffic, Other, Mechanical Problem, 
12-09-2017T00:00:00 - morning , Heavy Traffic, Mechanical Problem, Other, 
13-09-2017T00:00:00 - afternoon , Heavy Traffic, Mechanical Problem, Other, morning , Heavy Traffic, Mechanical Problem, Flat Tire, 
14-09-2017T00:00:00 - afternoon , Heavy Traffic, Mechanical Problem, Other, morning , Heavy Traffic, Other, Mechanical Problem, 
15-09-2017T00:00:00 - afternoon , Other, Heavy Traffic, Problem Run, morning , Heavy Traffic, Other, Mechanical Problem, 
18-09-2017T00:00:00 - afternoon , Other, Heavy Traffic, Mechanical Problem, morning , Heavy Traffic, Other, Mechanical Problem, 
19-09-2017T00:00:00 - morning , Heavy Traffic, Mechanical Problem, Won`t Start, 
20-09-2017T00:00:00 - morning , Heavy Traffic, Problem Run, Mechanical Problem, 
21-09-2017T00:00:00 - morning , Heavy Traffic, Other, Mechanical Problem, 
25-09-2017T00:00:00 - morning , Heavy Traffic, Other, Mechanical Problem, 
26-09-2017T00:00:00 - afternoon , Heavy Traffic, Mechanical Problem, Other, morning , Heavy Traffic, Mechanical Problem, Problem Run, 
27-09-2017T00:00:00 - afternoon , Heavy Traffic, Mechanical Problem, Other, morning , Heavy Traffic, Other, Mechanical Problem, 
28-09-2017T00:00:00 - afternoon , Other, Heavy Traffic, Problem Run, 
29-09-2017T00:00:00 - morning , Heavy Traffic, Other, Mechanical Problem, 
02-10-2017T00:00:00 - afternoon , Other, Heavy Traffic, Mechanical Problem, morning , Heavy Traffic, Mechanical Problem, Won`t Start, 
03-10-2017T00:00:00 - morning , Heavy Traffic, Won`t Start, Other, 
04-10-2017T00:00:00 - morning , Heavy Traffic, Mechanical Problem, Flat Tire, 
05-10-2017T00:00:00 - afternoon , Heavy Traffic, Problem Run, Other, 
06-10-2017T00:00:00 - morning , Heavy Traffic, Other, Mechanical Problem, 
10-10-2017T00:00:00 - morning , Heavy Traffic, Mechanical Problem, Flat Tire, 
11-10-2017T00:00:00 - morning , Heavy Traffic, Mechanical Problem, Flat Tire, 
12-10-2017T00:00:00 - morning , Heavy Traffic, Weather Conditions, Flat Tire, 
13-10-2017T00:00:00 - afternoon , Other, Problem Run, Heavy Traffic, morning , Heavy Traffic, Mechanical Problem, Other, 
16-10-2017T00:00:00 - morning , Heavy Traffic, Mechanical Problem, Won`t Start, 
17-10-2017T00:00:00 - afternoon , Other, Heavy Traffic, Problem Run, morning , Heavy Traffic, Flat Tire, Problem Run, 
18-10-2017T00:00:00 - afternoon , Other, Heavy Traffic, Mechanical Problem, morning , Heavy Traffic, Other, Mechanical Problem, 
19-10-2017T00:00:00 - afternoon , Heavy Traffic, Mechanical Problem, Other, morning , Heavy Traffic, Flat Tire, Mechanical Problem, 
20-10-2017T00:00:00 - afternoon , Other, Heavy Traffic, Problem Run, afternoon , Heavy Traffic, Other, Mechanical Problem, 
23-10-2017T00:00:00 - morning , Heavy Traffic, Mechanical Problem, Flat Tire, 
24-10-2017T00:00:00 - morning , Heavy Traffic, Mechanical Problem, Problem Run, 
25-10-2017T00:00:00 - afternoon , Other, Heavy Traffic, Problem Run, morning , Heavy Traffic, Problem Run, Flat Tire, 
26-10-2017T00:00:00 - afternoon , Heavy Traffic, Mechanical Problem, Other, morning , Heavy Traffic, Flat Tire, Mechanical Problem, 
27-10-2017T00:00:00 - afternoon , Other, Heavy Traffic, Problem Run, morning , Heavy Traffic, Mechanical Problem, Weather Conditions, 
30-10-2017T00:00:00 - morning , Heavy Traffic, Other, Weather Conditions, 
31-10-2017T00:00:00 - afternoon , Other, Weather Conditions, Heavy Traffic, morning , Heavy Traffic, Weather Conditions, Mechanical Problem, 
01-11-2017T00:00:00 - afternoon , Weather Conditions, Heavy Traffic, Other, morning , Weather Conditions, Heavy Traffic, Other, 
02-11-2017T00:00:00 - afternoon , Weather Conditions, Heavy Traffic, Mechanical Problem, morning , Heavy Traffic, Weather Conditions, Mechanical Problem, 
03-11-2017T00:00:00 - afternoon , Other, Weather Conditions, Heavy Traffic, afternoon , Weather Conditions, Heavy Traffic, Mechanical Problem, 
06-11-2017T00:00:00 - morning , Weather Conditions, Heavy Traffic, Mechanical Problem, 
07-11-2017T00:00:00 - morning , Weather Conditions, Flat Tire, Heavy Traffic, 
08-11-2017T00:00:00 - afternoon , Other, Weather Conditions, Heavy Traffic, morning , Weather Conditions, Mechanical Problem, Heavy Traffic, 
09-11-2017T00:00:00 - afternoon , Weather Conditions, Heavy Traffic, Other, morning , Weather Conditions, Heavy Traffic, Mechanical Problem, 
10-11-2017T00:00:00 - afternoon , Other, Weather Conditions, Heavy Traffic, morning , Heavy Traffic, Other, Mechanical Problem, 
13-11-2017T00:00:00 - afternoon , Other, Heavy Traffic, Mechanical Problem, morning , Heavy Traffic, Other, Flat Tire, 
14-11-2017T00:00:00 - afternoon , Other, Heavy Traffic, Won`t Start, morning , Heavy Traffic, Flat Tire, Other, 
15-11-2017T00:00:00 - afternoon , Other, Heavy Traffic, Mechanical Problem, morning , Heavy Traffic, Mechanical Problem, Won`t Start, 
16-11-2017T00:00:00 - afternoon , Other, Weather Conditions, Heavy Traffic, morning , Weather Conditions, Heavy Traffic, Mechanical Problem, 
17-11-2017T00:00:00 - afternoon , Other, Heavy Traffic, Weather Conditions, morning , Heavy Traffic, Mechanical Problem, Other, 
20-11-2017T00:00:00 - afternoon , Other, Weather Conditions, Heavy Traffic, morning , Weather Conditions, Mechanical Problem, Heavy Traffic, 
21-11-2017T00:00:00 - afternoon , Weather Conditions, Other, Heavy Traffic, morning , Heavy Traffic, Other, Late return from Field Trip, 
22-11-2017T00:00:00 - afternoon , Other, Heavy Traffic, Won`t Start, morning , Heavy Traffic, Mechanical Problem, Other, 
27-11-2017T00:00:00 - afternoon , Heavy Traffic, Other, Mechanical Problem, morning , Other, Flat Tire, Heavy Traffic, 
28-11-2017T00:00:00 - afternoon , Other, Heavy Traffic, Late return from Field Trip, morning , Mechanical Problem, Heavy Traffic, Late return from Field Trip, 
29-11-2017T00:00:00 - afternoon , Heavy Traffic, Other, Mechanical Problem, morning , Mechanical Problem, Heavy Traffic, Late return from Field Trip, 
30-11-2017T00:00:00 - afternoon , Other, Heavy Traffic, Won`t Start, morning , Mechanical Problem, Heavy Traffic, Other, 
01-12-2017T00:00:00 - afternoon , Other, Heavy Traffic, Problem Run, afternoon , Heavy Traffic, Other, Mechanical Problem, 
04-12-2017T00:00:00 - morning , Heavy Traffic, Mechanical Problem, Won`t Start, 
05-12-2017T00:00:00 - afternoon , Other, Heavy Traffic, Weather Conditions, morning , Heavy Traffic, Other, Flat Tire, 
06-12-2017T00:00:00 - afternoon , Other, Heavy Traffic, Late return from Field Trip, morning , Heavy Traffic, Other, Flat Tire, 
07-12-2017T00:00:00 - afternoon , Heavy Traffic, Mechanical Problem, Other, morning , Heavy Traffic, Mechanical Problem, Flat Tire, 
08-12-2017T00:00:00 - afternoon , Other, Heavy Traffic, Problem Run, morning , Heavy Traffic, Mechanical Problem, Other, 
11-12-2017T00:00:00 - morning , Heavy Traffic, Mechanical Problem, Other, 
12-12-2017T00:00:00 - morning , Heavy Traffic, Other, Won`t Start, 
13-12-2017T00:00:00 - afternoon , Heavy Traffic, Other, Mechanical Problem, morning , Weather Conditions, Heavy Traffic, Other, 
14-12-2017T00:00:00 - afternoon , Weather Conditions, Heavy Traffic, Other, morning , Weather Conditions, Heavy Traffic, Won`t Start, 
15-12-2017T00:00:00 - afternoon , Other, Heavy Traffic, Problem Run, afternoon , Other, Heavy Traffic, Mechanical Problem, 
18-12-2017T00:00:00 - morning , Heavy Traffic, Other, Flat Tire, 
19-12-2017T00:00:00 - afternoon , Heavy Traffic, Other, Mechanical Problem, morning , Mechanical Problem, Heavy Traffic, Other, 
20-12-2017T00:00:00 - afternoon , Other, Heavy Traffic, Mechanical Problem, morning , Heavy Traffic, Other, Mechanical Problem, 
21-12-2017T00:00:00 - afternoon , Heavy Traffic, Mechanical Problem, Other, morning , Heavy Traffic, Mechanical Problem, Won`t Start, 
22-12-2017T00:00:00 - afternoon , Other, Heavy Traffic, Problem Run, morning , Late return from Field Trip, Delayed by School, Flat Tire, 
02-01-2018T00:00:00 - afternoon , Heavy Traffic, Other, Mechanical Problem, morning , Heavy Traffic, Won`t Start, Mechanical Problem, 
03-01-2018T00:00:00 - afternoon , Other, Heavy Traffic, Flat Tire, morning , Heavy Traffic, Won`t Start, Other, 
05-01-2018T00:00:00 - afternoon , Heavy Traffic, Other, Mechanical Problem, morning , Mechanical Problem, Heavy Traffic, Other, 
08-01-2018T00:00:00 - afternoon , Heavy Traffic, Other, Mechanical Problem, morning , Heavy Traffic, Flat Tire, Other, 
09-01-2018T00:00:00 - afternoon , Other, Heavy Traffic, Mechanical Problem, morning , Heavy Traffic, Mechanical Problem, Flat Tire, 
10-01-2018T00:00:00 - afternoon , Other, Heavy Traffic, Mechanical Problem, morning , Heavy Traffic, Mechanical Problem, Flat Tire, 
11-01-2018T00:00:00 - afternoon , Other, Heavy Traffic, Mechanical Problem, morning , Heavy Traffic, Won`t Start, Other, 
12-01-2018T00:00:00 - afternoon , Other, Heavy Traffic, Problem Run, afternoon , Other, Heavy Traffic, Mechanical Problem, 
16-01-2018T00:00:00 - morning , Heavy Traffic, Flat Tire, Mechanical Problem, 
17-01-2018T00:00:00 - afternoon , Other, Heavy Traffic, Flat Tire, morning , Heavy Traffic, Won`t Start, Flat Tire, 
18-01-2018T00:00:00 - morning , Heavy Traffic, Other, Mechanical Problem, 
19-01-2018T00:00:00 - afternoon , Other, Heavy Traffic, Mechanical Problem, morning , Heavy Traffic, Other, Mechanical Problem, 
22-01-2018T00:00:00 - afternoon , Other, Heavy Traffic, Late return from Field Trip, morning , Heavy Traffic, Won`t Start, Late return from Field Trip, 
23-01-2018T00:00:00 - afternoon , Heavy Traffic, Other, Mechanical Problem, morning , Heavy Traffic, Mechanical Problem, Won`t Start, 
24-01-2018T00:00:00 - afternoon , Other, Heavy Traffic, Mechanical Problem, morning , Heavy Traffic, Mechanical Problem, Won`t Start, 
25-01-2018T00:00:00 - afternoon , Other, Heavy Traffic, Mechanical Problem, morning , Heavy Traffic, Other, Mechanical Problem, 
26-01-2018T00:00:00 - afternoon , Other, Heavy Traffic, Mechanical Problem, morning , Heavy Traffic, Other, Mechanical Problem, 
29-01-2018T00:00:00 - afternoon , Other, Heavy Traffic, Mechanical Problem, morning , Heavy Traffic, Won`t Start, Mechanical Problem, 
30-01-2018T00:00:00 - afternoon , Other, Weather Conditions, Heavy Traffic, morning , Weather Conditions, Heavy Traffic, Flat Tire, 
31-01-2018T00:00:00 - afternoon , Other, Weather Conditions, Heavy Traffic, morning , Weather Conditions, Heavy Traffic, Won`t Start, 
01-02-2018T00:00:00 - afternoon , Weather Conditions, Other, Heavy Traffic, morning , Weather Conditions, Heavy Traffic, Won`t Start, 
02-02-2018T00:00:00 - afternoon , Other, Weather Conditions, Heavy Traffic, afternoon , Other, Weather Conditions, Heavy Traffic, 
05-02-2018T00:00:00 - morning , Weather Conditions, Mechanical Problem, Other, 
06-02-2018T00:00:00 - afternoon , Other, Weather Conditions, Heavy Traffic, morning , Weather Conditions, Heavy Traffic, Flat Tire, 
07-02-2018T00:00:00 - afternoon , Weather Conditions, Heavy Traffic, Other, morning , Heavy Traffic, Mechanical Problem, Other, 
08-02-2018T00:00:00 - morning , Heavy Traffic, Mechanical Problem, Other, 
09-02-2018T00:00:00 - afternoon , Other, Heavy Traffic, Problem Run, afternoon , Other, Heavy Traffic, Mechanical Problem, 
12-02-2018T00:00:00 - morning , Heavy Traffic, Flat Tire, Mechanical Problem, 
13-02-2018T00:00:00 - afternoon , Heavy Traffic, Other, Mechanical Problem, morning , Heavy Traffic, Other, Mechanical Problem, 
14-02-2018T00:00:00 - afternoon , Won`t Start, Problem Run, Other, morning , Won`t Start, Flat Tire, Problem Run, 
15-02-2018T00:00:00 - morning , Other, Heavy Traffic, Problem Run, 
16-02-2018T00:00:00 - morning , Late return from Field Trip, Delayed by School, Heavy Traffic, 
21-02-2018T00:00:00 - morning , Delayed by School, Problem Run, Heavy Traffic, 
23-02-2018T00:00:00 - morning , Flat Tire, Heavy Traffic, Delayed by School, 
26-02-2018T00:00:00 - afternoon , Heavy Traffic, Other, Mechanical Problem, morning , Mechanical Problem, Heavy Traffic, Other, 
27-02-2018T00:00:00 - afternoon , Other, Heavy Traffic, Mechanical Problem, morning , Heavy Traffic, Flat Tire, Mechanical Problem, 
28-02-2018T00:00:00 - afternoon , Other, Heavy Traffic, Mechanical Problem, morning , Heavy Traffic, Mechanical Problem, Other, 
01-03-2018T00:00:00 - afternoon , Other, Heavy Traffic, Mechanical Problem, morning , Heavy Traffic, Mechanical Problem, Flat Tire, 
02-03-2018T00:00:00 - afternoon , Other, Heavy Traffic, Weather Conditions, morning , Heavy Traffic, Other, Weather Conditions, 
06-03-2018T00:00:00 - afternoon , Other, Weather Conditions, Heavy Traffic, morning , Weather Conditions, Heavy Traffic, Flat Tire, 
07-03-2018T00:00:00 - afternoon , Heavy Traffic, Other, Mechanical Problem, morning , Heavy Traffic, Flat Tire, Mechanical Problem, 
08-03-2018T00:00:00 - afternoon , Other, Heavy Traffic, Weather Conditions, morning , Heavy Traffic, Mechanical Problem, Weather Conditions, 
09-03-2018T00:00:00 - afternoon , Other, Flat Tire, Heavy Traffic, morning , Heavy Traffic, Other, Mechanical Problem, 
12-03-2018T00:00:00 - morning , Weather Conditions, Heavy Traffic, Other, 
13-03-2018T00:00:00 - afternoon , Weather Conditions, Heavy Traffic, Other, morning , Weather Conditions, Heavy Traffic, Flat Tire, 
14-03-2018T00:00:00 - afternoon , Weather Conditions, Other, Heavy Traffic, morning , Heavy Traffic, Weather Conditions, Mechanical Problem, 
15-03-2018T00:00:00 - afternoon , Weather Conditions, Other, Heavy Traffic, morning , Weather Conditions, Heavy Traffic, Won`t Start, 
16-03-2018T00:00:00 - afternoon , Other, Weather Conditions, Heavy Traffic, afternoon , Weather Conditions, Other, Heavy Traffic, 
19-03-2018T00:00:00 - morning , Heavy Traffic, Weather Conditions, Mechanical Problem, 
20-03-2018T00:00:00 - afternoon , Weather Conditions, Heavy Traffic, Other, morning , Heavy Traffic, Weather Conditions, Mechanical Problem, 
22-03-2018T00:00:00 - afternoon , Weather Conditions, Other, Heavy Traffic, morning , Weather Conditions, Heavy Traffic, Other, 
23-03-2018T00:00:00 - afternoon , Other, Weather Conditions, Heavy Traffic, afternoon , Weather Conditions, Other, Heavy Traffic, 
26-03-2018T00:00:00 - morning , Weather Conditions, Heavy Traffic, Other, 
27-03-2018T00:00:00 - morning , Heavy Traffic, Mechanical Problem, Late return from Field Trip, 
28-03-2018T00:00:00 - afternoon , Heavy Traffic, Mechanical Problem, Other, morning , Heavy Traffic, Other, Mechanical Problem, 
29-03-2018T00:00:00 - afternoon , Other, Heavy Traffic, Mechanical Problem, 
02-04-2018T00:00:00 - morning , Late return from Field Trip, Flat Tire, Mechanical Problem, 
09-04-2018T00:00:00 - afternoon , Other, Heavy Traffic, Mechanical Problem, morning , Mechanical Problem, Heavy Traffic, Other, 
10-04-2018T00:00:00 - afternoon , Heavy Traffic, Other, Mechanical Problem, morning , Heavy Traffic, Mechanical Problem, Flat Tire, 
11-04-2018T00:00:00 - morning , Heavy Traffic, Other, Late return from Field Trip, 
12-04-2018T00:00:00 - morning , Heavy Traffic, Mechanical Problem, Late return from Field Trip, 
13-04-2018T00:00:00 - afternoon , Other, Heavy Traffic, Mechanical Problem, morning , Heavy Traffic, Weather Conditions, Mechanical Problem, 
16-04-2018T00:00:00 - afternoon , Heavy Traffic, Other, Mechanical Problem, morning , Heavy Traffic, Mechanical Problem, Other, 
17-04-2018T00:00:00 - afternoon , Heavy Traffic, Other, Mechanical Problem, morning , Heavy Traffic, Mechanical Problem, Flat Tire, 
18-04-2018T00:00:00 - afternoon , Heavy Traffic, Mechanical Problem, Other, morning , Heavy Traffic, Flat Tire, Mechanical Problem, 
19-04-2018T00:00:00 - afternoon , Heavy Traffic, Other, Mechanical Problem, morning , Heavy Traffic, Flat Tire, Mechanical Problem, 
20-04-2018T00:00:00 - afternoon , Other, Weather Conditions, Heavy Traffic, morning , Heavy Traffic, Mechanical Problem, Other, 
23-04-2018T00:00:00 - afternoon , Heavy Traffic, Other, Mechanical Problem, morning , Heavy Traffic, Mechanical Problem, Flat Tire, 
24-04-2018T00:00:00 - afternoon , Other, Heavy Traffic, Late return from Field Trip, morning , Heavy Traffic, Late return from Field Trip, Flat Tire, 
25-04-2018T00:00:00 - afternoon , Heavy Traffic, Late return from Field Trip, Other, morning , Heavy Traffic, Mechanical Problem, Late return from Field Trip, 
26-04-2018T00:00:00 - afternoon , Heavy Traffic, Other, Mechanical Problem, morning , Heavy Traffic, Flat Tire, Mechanical Problem, 
27-04-2018T00:00:00 - afternoon , Other, Heavy Traffic, Late return from Field Trip, afternoon , Heavy Traffic, Other, Mechanical Problem, 
30-04-2018T00:00:00 - afternoon , Heavy Traffic, Late return from Field Trip, Mechanical Problem, 
01-05-2018T00:00:00 - morning , Heavy Traffic, Late return from Field Trip, Mechanical Problem, 
02-05-2018T00:00:00 - morning , Heavy Traffic, Mechanical Problem, Late return from Field Trip, 
03-05-2018T00:00:00 - morning , Heavy Traffic, Other, Mechanical Problem, 
04-05-2018T00:00:00 - afternoon , Other, Heavy Traffic, Mechanical Problem, afternoon , Other, Heavy Traffic, Mechanical Problem, 
07-05-2018T00:00:00 - morning , Heavy Traffic, Mechanical Problem, Other, 
08-05-2018T00:00:00 - afternoon , Heavy Traffic, Other, Mechanical Problem, morning , Heavy Traffic, Won`t Start, Mechanical Problem, 
09-05-2018T00:00:00 - afternoon , Heavy Traffic, Mechanical Problem, Other, morning , Heavy Traffic, Other, Mechanical Problem, 
10-05-2018T00:00:00 - afternoon , Other, Heavy Traffic, Late return from Field Trip, morning , Mechanical Problem, Heavy Traffic, Late return from Field Trip, 
11-05-2018T00:00:00 - afternoon , Other, Heavy Traffic, Late return from Field Trip, afternoon , Heavy Traffic, Mechanical Problem, Other, 
14-05-2018T00:00:00 - morning , Heavy Traffic, Other, Mechanical Problem, 
15-05-2018T00:00:00 - afternoon , Heavy Traffic, Other, Late return from Field Trip, morning , Heavy Traffic, Mechanical Problem, Late return from Field Trip, 
16-05-2018T00:00:00 - morning , Heavy Traffic, Weather Conditions, Other, 
17-05-2018T00:00:00 - morning , Heavy Traffic, Other, Mechanical Problem, 
18-05-2018T00:00:00 - afternoon , Other, Heavy Traffic, Weather Conditions, afternoon , Heavy Traffic, Accident, Other, 
21-05-2018T00:00:00 - morning , Heavy Traffic, Won`t Start, Accident, 
22-05-2018T00:00:00 - morning , Heavy Traffic, Mechanical Problem, Other, 
23-05-2018T00:00:00 - afternoon , Heavy Traffic, Other, Mechanical Problem, morning , Heavy Traffic, Other, Mechanical Problem, 
24-05-2018T00:00:00 - afternoon , Heavy Traffic, Other, Late return from Field Trip, morning , Heavy Traffic, Late return from Field Trip, Mechanical Problem, 
25-05-2018T00:00:00 - afternoon , Other, Heavy Traffic, Late return from Field Trip, afternoon , Heavy Traffic, Other, Mechanical Problem, 
29-05-2018T00:00:00 - morning , Mechanical Problem, Heavy Traffic, Other, 
30-05-2018T00:00:00 - morning , Heavy Traffic, Mechanical Problem, Late return from Field Trip, 
31-05-2018T00:00:00 - morning , Heavy Traffic, Other, Mechanical Problem, 
01-06-2018T00:00:00 - afternoon , Other, Heavy Traffic, Late return from Field Trip, morning , Heavy Traffic, Other, Mechanical Problem, 
04-06-2018T00:00:00 - afternoon , Other, Heavy Traffic, Weather Conditions, morning , Heavy Traffic, Mechanical Problem, Weather Conditions, 
05-06-2018T00:00:00 - morning , Heavy Traffic, Mechanical Problem, Late return from Field Trip, 
06-06-2018T00:00:00 - afternoon , Heavy Traffic, Late return from Field Trip, Other, afternoon , Weather Conditions, Heavy Traffic, Late return from Field Trip, 
07-06-2018T00:00:00 - morning , Weather Conditions, Flat Tire, Heavy Traffic, 
08-06-2018T00:00:00 - afternoon , Other, Heavy Traffic, Late return from Field Trip, morning , Late return from Field Trip, Other, Heavy Traffic, 
11-06-2018T00:00:00 - morning , Late return from Field Trip, Weather Conditions, Flat Tire, 
12-06-2018T00:00:00 - afternoon , Heavy Traffic, Late return from Field Trip, Other, morning , Heavy Traffic, Mechanical Problem, Late return from Field Trip, 
13-06-2018T00:00:00 - afternoon , Heavy Traffic, Late return from Field Trip, Other, morning , Heavy Traffic, Mechanical Problem, Late return from Field Trip, 
14-06-2018T00:00:00 - afternoon , Heavy Traffic, Late return from Field Trip, Mechanical Problem, 
18-06-2018T00:00:00 - afternoon , Heavy Traffic, Other, Mechanical Problem, morning , Weather Conditions, Other, Flat Tire, 
05-09-2018T00:00:00 - afternoon , Other, Heavy Traffic, Weather Conditions, morning , Mechanical Problem, Heavy Traffic, Weather Conditions, 
06-09-2018T00:00:00 - afternoon , Other, Heavy Traffic, Mechanical Problem, morning , Other, Mechanical Problem, Heavy Traffic, 
07-09-2018T00:00:00 - afternoon , Other, Heavy Traffic, Problem Run, morning , Heavy Traffic, Delayed by School, Other, 
11-09-2018T00:00:00 - morning , Heavy Traffic, Delayed by School, Flat Tire, 
12-09-2018T00:00:00 - afternoon , Other, Heavy Traffic, Mechanical Problem, morning , Mechanical Problem, Heavy Traffic, Other, 
13-09-2018T00:00:00 - afternoon , Heavy Traffic, Mechanical Problem, Other, afternoon , Other, Heavy Traffic, Problem Run, 
14-09-2018T00:00:00 - morning , Heavy Traffic, Other, Mechanical Problem, 
17-09-2018T00:00:00 - morning , Heavy Traffic, Problem Run, Mechanical Problem, 
18-09-2018T00:00:00 - afternoon , Heavy Traffic, Other, Won`t Start, morning , Flat Tire, Mechanical Problem, Won`t Start, 
20-09-2018T00:00:00 - afternoon , Heavy Traffic, Problem Run, Other, morning , Heavy Traffic, Mechanical Problem, Other, 
21-09-2018T00:00:00 - afternoon , Other, Problem Run, Heavy Traffic, afternoon , Heavy Traffic, Mechanical Problem, Other, 
24-09-2018T00:00:00 - morning , Heavy Traffic, Weather Conditions, Mechanical Problem, 
25-09-2018T00:00:00 - afternoon , Other, Heavy Traffic, Problem Run, morning , Heavy Traffic, Problem Run, Flat Tire, 
26-09-2018T00:00:00 - morning , Heavy Traffic, Mechanical Problem, Other, 
27-09-2018T00:00:00 - morning , Weather Conditions, Heavy Traffic, Problem Run, 
28-09-2018T00:00:00 - morning , Heavy Traffic, Other, Problem Run, 
01-10-2018T00:00:00 - afternoon , Heavy Traffic, Other, Mechanical Problem, morning , Heavy Traffic, Mechanical Problem, Other, 
02-10-2018T00:00:00 - morning , Heavy Traffic, Problem Run, Flat Tire, 
03-10-2018T00:00:00 - afternoon , Heavy Traffic, Other, Mechanical Problem, afternoon , Heavy Traffic, Mechanical Problem, Other, 
04-10-2018T00:00:00 - afternoon , Other, Heavy Traffic, Problem Run, 
05-10-2018T00:00:00 - morning , Heavy Traffic, Mechanical Problem, Problem Run, 
09-10-2018T00:00:00 - morning , Heavy Traffic, Flat Tire, Mechanical Problem, 
10-10-2018T00:00:00 - morning , Heavy Traffic, Problem Run, Flat Tire, 
11-10-2018T00:00:00 - morning , Heavy Traffic, Won`t Start, Other, 
12-10-2018T00:00:00 - afternoon , Other, Heavy Traffic, Problem Run, afternoon , Heavy Traffic, Other, Mechanical Problem, 
15-10-2018T00:00:00 - morning , Heavy Traffic, Other, Flat Tire, 
16-10-2018T00:00:00 - afternoon , Heavy Traffic, Other, Mechanical Problem, morning , Heavy Traffic, Other, Mechanical Problem, 
17-10-2018T00:00:00 - morning , Heavy Traffic, Flat Tire, Mechanical Problem, 
18-10-2018T00:00:00 - afternoon , Heavy Traffic, Mechanical Problem, Other, morning , Heavy Traffic, Other, Mechanical Problem, 
19-10-2018T00:00:00 - afternoon , Other, Heavy Traffic, Problem Run, morning , Heavy Traffic, Other, Mechanical Problem, 
22-10-2018T00:00:00 - morning , Heavy Traffic, Other, Late return from Field Trip, 
23-10-2018T00:00:00 - afternoon , Heavy Traffic, Mechanical Problem, Other, morning , Heavy Traffic, Other, Mechanical Problem, 
24-10-2018T00:00:00 - morning , Heavy Traffic, Other, Mechanical Problem, 
25-10-2018T00:00:00 - morning , Heavy Traffic, Mechanical Problem, Other, 
26-10-2018T00:00:00 - afternoon , Other, Heavy Traffic, Problem Run, morning , Heavy Traffic, Other, Mechanical Problem, 
29-10-2018T00:00:00 - morning , Heavy Traffic, Other, Mechanical Problem, 
30-10-2018T00:00:00 - morning , Heavy Traffic, Won`t Start, Problem Run, 
31-10-2018T00:00:00 - morning , Heavy Traffic, Problem Run, Flat Tire, 
01-11-2018T00:00:00 - morning , Heavy Traffic, Problem Run, Flat Tire, 
02-11-2018T00:00:00 - afternoon , Other, Heavy Traffic, Problem Run, morning , Heavy Traffic, Problem Run, Other, 
05-11-2018T00:00:00 - afternoon , Heavy Traffic, Problem Run, Other, morning , Heavy Traffic, Flat Tire, Late return from Field Trip, 
07-11-2018T00:00:00 - morning , Heavy Traffic, Other, Mechanical Problem, 
08-11-2018T00:00:00 - afternoon , Heavy Traffic, Mechanical Problem, Other, morning , Heavy Traffic, Mechanical Problem, Won`t Start, 
09-11-2018T00:00:00 - afternoon , Other, Problem Run, Mechanical Problem, morning , Heavy Traffic, Weather Conditions, Mechanical Problem, 
13-11-2018T00:00:00 - morning , Heavy Traffic, Weather Conditions, Other, 
14-11-2018T00:00:00 - afternoon , Weather Conditions, Heavy Traffic, Other, morning , Weather Conditions, Heavy Traffic, Mechanical Problem, 
15-11-2018T00:00:00 - morning , Weather Conditions, Heavy Traffic, Problem Run, 
16-11-2018T00:00:00 - afternoon , Other, Heavy Traffic, Problem Run, morning , Heavy Traffic, Other, Weather Conditions, 
19-11-2018T00:00:00 - morning , Heavy Traffic, Weather Conditions, Mechanical Problem, 
20-11-2018T00:00:00 - morning , Heavy Traffic, Weather Conditions, Mechanical Problem, 
21-11-2018T00:00:00 - morning , Heavy Traffic, Weather Conditions, Other, 
26-11-2018T00:00:00 - morning , Heavy Traffic, Weather Conditions, Mechanical Problem, 
27-11-2018T00:00:00 - morning , Heavy Traffic, Weather Conditions, Mechanical Problem, 
28-11-2018T00:00:00 - morning , Heavy Traffic, Weather Conditions, Mechanical Problem, 
29-11-2018T00:00:00 - morning , Heavy Traffic, Weather Conditions, Mechanical Problem, 
30-11-2018T00:00:00 - afternoon , Other, Heavy Traffic, Problem Run, morning , Delayed by School, Heavy Traffic, Flat Tire, 
04-12-2018T00:00:00 - morning , Delayed by School, Weather Conditions, Heavy Traffic, 
05-12-2018T00:00:00 - morning , Delayed by School, Weather Conditions, Heavy Traffic, 
06-12-2018T00:00:00 - afternoon , Delayed by School, Weather Conditions, Other, morning , Delayed by School, Weather Conditions, Heavy Traffic, 
07-12-2018T00:00:00 - morning , Delayed by School, Weather Conditions, Other, 
10-12-2018T00:00:00 - morning , Delayed by School, Heavy Traffic, Weather Conditions, 
11-12-2018T00:00:00 - afternoon , Delayed by School, Weather Conditions, Mechanical Problem, 
12-12-2018T00:00:00 - morning , Delayed by School, Weather Conditions, Won`t Start, 
14-12-2018T00:00:00 - morning , Delayed by School, Weather Conditions, Other, 
17-12-2018T00:00:00 - morning , Delayed by School, Weather Conditions, Heavy Traffic, 
19-12-2018T00:00:00 - morning , Delayed by School, Weather Conditions, Mechanical Problem, 
20-12-2018T00:00:00 - morning , Delayed by School, Heavy Traffic, Weather Conditions, 
21-12-2018T00:00:00 - morning , Delayed by School, Weather Conditions, Heavy Traffic, 
02-01-2019T00:00:00 - afternoon , Delayed by School, Weather Conditions, Won`t Start, 
03-01-2019T00:00:00 - morning , Heavy Traffic, Delayed by School, Won`t Start, 
04-01-2019T00:00:00 - afternoon , Heavy Traffic, Delayed by School, Other, morning , Heavy Traffic, Mechanical Problem, Other, 
07-01-2019T00:00:00 - afternoon , Heavy Traffic, Other, Mechanical Problem, morning , Heavy Traffic, Weather Conditions, Other, 
08-01-2019T00:00:00 - afternoon , Heavy Traffic, Weather Conditions, Other, morning , Heavy Traffic, Weather Conditions, Mechanical Problem, 
09-01-2019T00:00:00 - afternoon , Heavy Traffic, Weather Conditions, Other, morning , Heavy Traffic, Weather Conditions, Mechanical Problem, 
10-01-2019T00:00:00 - afternoon , Heavy Traffic, Weather Conditions, Other, morning , Heavy Traffic, Weather Conditions, Mechanical Problem, 
11-01-2019T00:00:00 - afternoon , Other, Heavy Traffic, Won`t Start, afternoon , Heavy Traffic, Weather Conditions, Other, 
14-01-2019T00:00:00 - morning , Heavy Traffic, Weather Conditions, Mechanical Problem, 
15-01-2019T00:00:00 - afternoon , Heavy Traffic, Weather Conditions, Other, morning , Heavy Traffic, Mechanical Problem, Weather Conditions, 
16-01-2019T00:00:00 - afternoon , Other, Weather Conditions, Heavy Traffic, morning , Weather Conditions, Other, Mechanical Problem, 
17-01-2019T00:00:00 - afternoon , Heavy Traffic, Weather Conditions, Other, morning , Heavy Traffic, Weather Conditions, Mechanical Problem, 
18-01-2019T00:00:00 - afternoon , Other, Heavy Traffic, Weather Conditions, morning , Heavy Traffic, Other, Won`t Start, 
22-01-2019T00:00:00 - afternoon , Heavy Traffic, Other, Mechanical Problem, morning , Heavy Traffic, Mechanical Problem, Other, 
23-01-2019T00:00:00 - morning , Heavy Traffic, Weather Conditions, Other, 
24-01-2019T00:00:00 - morning , Heavy Traffic, Won`t Start, Other, 
25-01-2019T00:00:00 - morning , Heavy Traffic, Mechanical Problem, Other, 
28-01-2019T00:00:00 - morning , Heavy Traffic, Mechanical Problem, Won`t Start, 
29-01-2019T00:00:00 - morning , Heavy Traffic, Other, Won`t Start, 
30-01-2019T00:00:00 - morning , Heavy Traffic, Won`t Start, Problem Run, 
31-01-2019T00:00:00 - afternoon , Heavy Traffic, Other, Mechanical Problem, morning , Heavy Traffic, Mechanical Problem, Flat Tire, 
01-02-2019T00:00:00 - afternoon , Other, Heavy Traffic, Problem Run, afternoon , Heavy Traffic, Other, Mechanical Problem, 
04-02-2019T00:00:00 - morning , Heavy Traffic, Late return from Field Trip, Mechanical Problem, 
05-02-2019T00:00:00 - morning , Late return from Field Trip, Flat Tire, Other, 
06-02-2019T00:00:00 - morning , Heavy Traffic, Mechanical Problem, Flat Tire, 
07-02-2019T00:00:00 - morning , Heavy Traffic, Mechanical Problem, Other, 
08-02-2019T00:00:00 - afternoon , Other, Heavy Traffic, Problem Run, morning , Heavy Traffic, Other, Mechanical Problem, 
11-02-2019T00:00:00 - morning , Heavy Traffic, Mechanical Problem, Other, 
12-02-2019T00:00:00 - morning , Heavy Traffic, Flat Tire, Weather Conditions, 
13-02-2019T00:00:00 - afternoon , Heavy Traffic, Other, Mechanical Problem, morning , Heavy Traffic, Other, Mechanical Problem, 
14-02-2019T00:00:00 - afternoon , Heavy Traffic, Mechanical Problem, Other, afternoon , Other, Heavy Traffic, Problem Run, 
18-02-2019T00:00:00 - morning , Late return from Field Trip, Flat Tire, Weather Conditions, 
25-02-2019T00:00:00 - morning , Heavy Traffic, Mechanical Problem, Other, 
26-02-2019T00:00:00 - afternoon , Heavy Traffic, Other, Mechanical Problem, morning , Heavy Traffic, Mechanical Problem, Other, 
27-02-2019T00:00:00 - morning , Heavy Traffic, Other, Flat Tire, 
28-02-2019T00:00:00 - morning , Heavy Traffic, Weather Conditions, Other, 
01-03-2019T00:00:00 - afternoon , Other, Heavy Traffic, Weather Conditions, afternoon , Heavy Traffic, Late return from Field Trip, Other, 
05-03-2019T00:00:00 - morning , Heavy Traffic, Late return from Field Trip, Flat Tire, 
06-03-2019T00:00:00 - afternoon , Heavy Traffic, Other, Mechanical Problem, afternoon , Heavy Traffic, Other, Mechanical Problem, 
07-03-2019T00:00:00 - morning , Heavy Traffic, Other, Won`t Start, 
08-03-2019T00:00:00 - afternoon , Other, Heavy Traffic, Problem Run, morning , Heavy Traffic, Mechanical Problem, Other, 
11-03-2019T00:00:00 - afternoon , Heavy Traffic, Other, Mechanical Problem, morning , Heavy Traffic, Mechanical Problem, Other, 
12-03-2019T00:00:00 - afternoon , Heavy Traffic, Mechanical Problem, Other, morning , Heavy Traffic, Other, Mechanical Problem, 
13-03-2019T00:00:00 - morning , Heavy Traffic, Problem Run, Flat Tire, 
15-03-2019T00:00:00 - afternoon , Other, Heavy Traffic, Problem Run, morning , Heavy Traffic, Other, Mechanical Problem, 
18-03-2019T00:00:00 - morning , Heavy Traffic, Mechanical Problem, Other, 
19-03-2019T00:00:00 - morning , Heavy Traffic, Mechanical Problem, Other, 
20-03-2019T00:00:00 - morning , Heavy Traffic, Flat Tire, Late return from Field Trip, 
21-03-2019T00:00:00 - morning , Heavy Traffic, Weather Conditions, Mechanical Problem, 
22-03-2019T00:00:00 - afternoon , Other, Heavy Traffic, Problem Run, afternoon , Other, Heavy Traffic, Mechanical Problem, 
25-03-2019T00:00:00 - morning , Heavy Traffic, Other, Mechanical Problem, 
26-03-2019T00:00:00 - morning , Heavy Traffic, Other, Won`t Start, 
27-03-2019T00:00:00 - afternoon , Other, Heavy Traffic, Mechanical Problem, morning , Heavy Traffic, Mechanical Problem, Other, 
28-03-2019T00:00:00 - morning , Heavy Traffic, Other, Flat Tire, 
29-03-2019T00:00:00 - afternoon , Other, Heavy Traffic, Problem Run, afternoon , Other, Heavy Traffic, Mechanical Problem, 
01-04-2019T00:00:00 - morning , Heavy Traffic, Mechanical Problem, Other, 
02-04-2019T00:00:00 - afternoon , Other, Heavy Traffic, Late return from Field Trip, morning , Heavy Traffic, Mechanical Problem, Other, 
03-04-2019T00:00:00 - afternoon , Heavy Traffic, Late return from Field Trip, Other, morning , Heavy Traffic, Mechanical Problem, Late return from Field Trip, 
04-04-2019T00:00:00 - morning , Heavy Traffic, Mechanical Problem, Other, 
05-04-2019T00:00:00 - afternoon , Other, Heavy Traffic, Problem Run, afternoon , Other, Heavy Traffic, Mechanical Problem, 
08-04-2019T00:00:00 - morning , Heavy Traffic, Mechanical Problem, Other, 
09-04-2019T00:00:00 - morning , Heavy Traffic, Other, Won`t Start, 
10-04-2019T00:00:00 - morning , Heavy Traffic, Mechanical Problem, Other, 
11-04-2019T00:00:00 - afternoon , Heavy Traffic, Mechanical Problem, Other, morning , Heavy Traffic, Other, Mechanical Problem, 
29-04-2019T00:00:00 - afternoon , Delayed by School, Heavy Traffic, Accident, 
09-05-2019T00:00:00 - morning , Delayed by School, Flat Tire, Heavy Traffic, 
10-05-2019T00:00:00 - morning , Delayed by School, Heavy Traffic, Other, 
13-05-2019T00:00:00 - morning , Delayed by School, Mechanical Problem, Heavy Traffic, 
14-05-2019T00:00:00 - morning , Delayed by School, Flat Tire, Heavy Traffic, 
15-05-2019T00:00:00 - morning , Delayed by School, Accident, Heavy Traffic, 
16-05-2019T00:00:00 - afternoon , Heavy Traffic, Late return from Field Trip, Other, morning , Heavy Traffic, Mechanical Problem, Other, 
17-05-2019T00:00:00 - afternoon , Heavy Traffic, Other, Late return from Field Trip, morning , Heavy Traffic, Other, Late return from Field Trip, 
20-05-2019T00:00:00 - afternoon , Other, Heavy Traffic, Mechanical Problem, morning , Heavy Traffic, Mechanical Problem, Other, 
21-05-2019T00:00:00 - morning , Heavy Traffic, Other, Mechanical Problem, 
22-05-2019T00:00:00 - morning , Heavy Traffic, Weather Conditions, Mechanical Problem, 
23-05-2019T00:00:00 - morning , Heavy Traffic, Other, Late return from Field Trip, 
24-05-2019T00:00:00 - afternoon , Other, Heavy Traffic, Problem Run, afternoon , Other, Heavy Traffic, Weather Conditions, 
28-05-2019T00:00:00 - morning , Heavy Traffic, Weather Conditions, Won`t Start, 
29-05-2019T00:00:00 - afternoon , Other, Heavy Traffic, Late return from Field Trip, morning , Heavy Traffic, Mechanical Problem, Weather Conditions, 
30-05-2019T00:00:00 - afternoon , Other, Heavy Traffic, Weather Conditions, morning , Mechanical Problem, Heavy Traffic, Other, 
31-05-2019T00:00:00 - afternoon , Other, Heavy Traffic, Problem Run, afternoon , Other, Heavy Traffic, Late return from Field Trip, 
03-06-2019T00:00:00 - morning , Late return from Field Trip, Heavy Traffic, Other, 
04-06-2019T00:00:00 - morning , Late return from Field Trip, Won`t Start, Heavy Traffic, 
05-06-2019T00:00:00 - afternoon , Other, Heavy Traffic, Late return from Field Trip, morning , Heavy Traffic, Flat Tire, Other, 
07-06-2019T00:00:00 - afternoon , Other, Heavy Traffic, Late return from Field Trip, morning , Heavy Traffic, Other, Late return from Field Trip, 
11-06-2019T00:00:00 - afternoon , Heavy Traffic, Late return from Field Trip, Other, morning , Heavy Traffic, Late return from Field Trip, Flat Tire, 
12-06-2019T00:00:00 - afternoon , Other, Heavy Traffic, Late return from Field Trip, morning , Heavy Traffic, Mechanical Problem, Other, 
13-06-2019T00:00:00 - afternoon , Heavy Traffic, Mechanical Problem, Other, morning , Heavy Traffic, Other, Mechanical Problem, 
14-06-2019T00:00:00 - afternoon , Other, Heavy Traffic, Problem Run, afternoon , Other, Late return from Field Trip, Heavy Traffic, 
17-06-2019T00:00:00 - morning , Heavy Traffic, Mechanical Problem, Other, 
18-06-2019T00:00:00 - morning , Heavy Traffic, Other, Won`t Start, 
19-06-2019T00:00:00 - afternoon , Other, Heavy Traffic, Late return from Field Trip, morning , Heavy Traffic, Other, Mechanical Problem, 
20-06-2019T00:00:00 - afternoon , Other, Heavy Traffic, Mechanical Problem, morning , Heavy Traffic, Weather Conditions, Other, 
21-06-2019T00:00:00 - afternoon , Other, Heavy Traffic, Problem Run, morning , Heavy Traffic, Other, Weather Conditions, 
25-06-2019T00:00:00 - afternoon , Other, Heavy Traffic, Weather Conditions, morning , Mechanical Problem, Heavy Traffic, Weather Conditions, 
26-06-2019T00:00:00 - morning , Mechanical Problem, Problem Run, Weather Conditions, 
04-09-2019T00:00:00 - afternoon , Other, Weather Conditions, Heavy Traffic, morning , Flat Tire, Weather Conditions, Heavy Traffic, 
05-09-2019T00:00:00 - afternoon , Other, Heavy Traffic, Mechanical Problem, morning , Heavy Traffic, Mechanical Problem, Problem Run, 
06-09-2019T00:00:00 - afternoon , Other, Heavy Traffic, Problem Run, morning , Heavy Traffic, Other, Mechanical Problem, 
09-09-2019T00:00:00 - afternoon , Other, Heavy Traffic, Problem Run, morning , Heavy Traffic, Problem Run, Mechanical Problem, 
10-09-2019T00:00:00 - afternoon , Other, Heavy Traffic, Problem Run, morning , Heavy Traffic, Other, Mechanical Problem, 
11-09-2019T00:00:00 - morning , Mechanical Problem, Heavy Traffic, Other, 
12-09-2019T00:00:00 - morning , Heavy Traffic, Other, Mechanical Problem, 
13-09-2019T00:00:00 - afternoon , Other, Problem Run, Heavy Traffic, morning , Heavy Traffic, Other, Mechanical Problem, 
16-09-2019T00:00:00 - morning , Other, Problem Run, Heavy Traffic, 
17-09-2019T00:00:00 - afternoon , Heavy Traffic, Problem Run, Weather Conditions, morning , Heavy Traffic, Mechanical Problem, Other, 
18-09-2019T00:00:00 - morning , Heavy Traffic, Other, Mechanical Problem, 
19-09-2019T00:00:00 - morning , Heavy Traffic, Problem Run, Mechanical Problem, 
20-09-2019T00:00:00 - afternoon , Other, Problem Run, Heavy Traffic, morning , Heavy Traffic, Other, Mechanical Problem, 
23-09-2019T00:00:00 - morning , Heavy Traffic, Problem Run, Mechanical Problem, 
24-09-2019T00:00:00 - morning , Heavy Traffic, Other, Problem Run, 
25-09-2019T00:00:00 - morning , Heavy Traffic, Other, Problem Run, 
26-09-2019T00:00:00 - morning , Heavy Traffic, Other, Problem Run, 
27-09-2019T00:00:00 - afternoon , Other, Problem Run, Heavy Traffic, morning , Flat Tire, Weather Conditions, Delayed by School, 
02-10-2019T00:00:00 - afternoon , Heavy Traffic, Problem Run, Other, morning , Heavy Traffic, Weather Conditions, Problem Run, 
03-10-2019T00:00:00 - afternoon , Heavy Traffic, Mechanical Problem, Other, morning , Heavy Traffic, Other, Mechanical Problem, 
04-10-2019T00:00:00 - afternoon , Other, Heavy Traffic, Problem Run, morning , Heavy Traffic, Other, Mechanical Problem, 
07-10-2019T00:00:00 - morning , Heavy Traffic, Other, Mechanical Problem, 
08-10-2019T00:00:00 - morning , Problem Run, Heavy Traffic, Other, 
09-10-2019T00:00:00 - morning , Problem Run, Won`t Start, Flat Tire, 
10-10-2019T00:00:00 - afternoon , Heavy Traffic, Problem Run, Other, morning , Heavy Traffic, Problem Run, Mechanical Problem, 
11-10-2019T00:00:00 - afternoon , Other, Heavy Traffic, Problem Run, morning , Heavy Traffic, Other, Mechanical Problem, 
15-10-2019T00:00:00 - morning , Heavy Traffic, Mechanical Problem, Problem Run, 
16-10-2019T00:00:00 - afternoon , Heavy Traffic, Problem Run, Other, morning , Heavy Traffic, Problem Run, Mechanical Problem, 
17-10-2019T00:00:00 - afternoon , Heavy Traffic, Problem Run, Other, morning , Heavy Traffic, Problem Run, Mechanical Problem, 
18-10-2019T00:00:00 - afternoon , Other, Heavy Traffic, Problem Run, morning , Heavy Traffic, Mechanical Problem, Problem Run, 
22-10-2019T00:00:00 - morning , Heavy Traffic, Mechanical Problem, Problem Run, 
23-10-2019T00:00:00 - morning , Heavy Traffic, Mechanical Problem, Problem Run, 
24-10-2019T00:00:00 - morning , Heavy Traffic, Mechanical Problem, Late return from Field Trip, 
25-10-2019T00:00:00 - afternoon , Other, Heavy Traffic, Problem Run, morning , Heavy Traffic, Other, Mechanical Problem, 
30-10-2019T00:00:00 - morning , Heavy Traffic, Weather Conditions, Problem Run, 
31-10-2019T00:00:00 - morning , Heavy Traffic, Mechanical Problem, Other, 
01-11-2019T00:00:00 - afternoon , Other, Heavy Traffic, Problem Run, afternoon , Other, Heavy Traffic, Mechanical Problem, 
04-11-2019T00:00:00 - morning , Other, Heavy Traffic, Problem Run, 
05-11-2019T00:00:00 - morning , Problem Run, Won`t Start, Other, 
06-11-2019T00:00:00 - afternoon , Other, Heavy Traffic, Problem Run, morning , Heavy Traffic, Other, Mechanical Problem, 
07-11-2019T00:00:00 - morning , Heavy Traffic, Mechanical Problem, Other, 
08-11-2019T00:00:00 - afternoon , Problem Run, Heavy Traffic, Accident, morning , Heavy Traffic, Mechanical Problem, Other, 
12-11-2019T00:00:00 - afternoon , Heavy Traffic, Other, Mechanical Problem, morning , Heavy Traffic, Mechanical Problem, Other, 
13-11-2019T00:00:00 - morning , Heavy Traffic, Mechanical Problem, Other, 
14-11-2019T00:00:00 - afternoon , Other, Heavy Traffic, Problem Run, morning , Heavy Traffic, Problem Run, Won`t Start, 
15-11-2019T00:00:00 - afternoon , Other, Heavy Traffic, Problem Run, morning , Heavy Traffic, Mechanical Problem, Other, 
19-11-2019T00:00:00 - morning , Heavy Traffic, Mechanical Problem, Other, 
20-11-2019T00:00:00 - morning , Heavy Traffic, Mechanical Problem, Other, 
21-11-2019T00:00:00 - morning , Heavy Traffic, Mechanical Problem, Other, 
